id	hebrew	hebrew_nikud	part_of_speech	level	gender	plural	root	everyday_synonym	en	ar	ru	fr	notes	category
aba	אבא	אַבָּא	noun	1	ז	אבות			dad, father					
absces	אבצס	אַבְּצֶס	noun	3	ז			מורסה	abscess				loanword; Hebrew מורסה	medical_loanword
ach	אח	אָח	noun	1	ז	אחים			brother				also = male nurse	
achal	אכל	אָכַל	verb	1			א-כ-ל		to eat					
achar-kach	אחר-כך	אַחַר-כָּךְ	adverb	1					afterwards, later					
acharei	אחרי	אַחֲרֵי	preposition	1					after					
acharon	אחרון	אַחֲרוֹן	adjective	2			א-ח-ר		last, latest					
achat	אחת	אַחַת	numeral	1					one (feminine)					
achat-esre	אחת-עשרה	אַחַת-עֶשְׂרֵה	numeral	2					eleven (feminine)					
achbar	עכבר	עַכְבָּר	noun	2	ז	עכברים	ע-כ-ב-ר		mouse				also computer mouse	
acher	אחר	אַחֵר	adjective	1			א-ח-ר		other, another					
achora	אחורה	אֲחוֹרָה	adverb	2					backwards					
achot	אחות	אָחוֹת	noun	1	נ	אחיות			sister				also = nurse	
achrai	אחראי	אַחְרַאי	adjective	2			א-ח-ר		responsible; in charge					
achrayut	אחריות	אַחְרָיוּת	noun	2	נ		א-ח-ר		responsibility; warranty				also means warranty	
achshav	עכשיו	עַכְשָׁיו	adverb	1					now					
achuz	אחוז	אָחוּז	noun	2	ז	אחוזים	א-ח-ז		percent, percentage					
ad	עד	עַד	preposition	1					until; up to; by				homograph: also עֵד 'witness'	
adam	אדם	אָדָם	noun	2	ז		א-ד-מ		person, human being					
adama	אדמה	אֲדָמָה	noun	2	נ		א-ד-מ		earth, soil, ground					
adayin	עדיין	עֲדַיִן	adverb	2					still / yet					
adif	עדיף	עָדִיף	adjective	2			ע-ד-ף		preferable; better					
adifut	עדיפות	עֲדִיפוּת	noun	2	נ	עדיפויות	ע-ד-ף		priority / preference					
adin	עדין	עָדִין	adjective	2			ע-ד-ן		delicate / gentle				distinct from עדיין (still)	
adom	אדום	אָדֹם	adjective	1			א-ד-מ		red					
af	אף	אַף	noun	1	ז				nose				also particle 'even/also'	
af-echad	אף-אחד	אַף-אֶחָד	pronoun	1					nobody, no one					
afor	אפור	אָפֹר	adjective	2			א-פ-ר		gray					
agaf	אגף	אֲגַף	noun	2	ז	אגפים			wing, department, ward				hospital ward/department	
agala	עגלה	עֲגָלָה	noun	2	נ	עגלות	ע-ג-ל		cart; (baby) stroller				clinical: gurney/trolley	
agudal	אגודל	אֲגוּדָל	noun	2	ז	אגודלים			thumb				also = big toe	
agvaniya	עגבנייה	עַגְבָנִיָּה	noun	2	נ	עגבניות			tomato					
ahav	אהב	אָהַב	verb	2			א-ה-ב		to love					
ahava	אהבה	אַהֲבָה	noun	2	נ		א-ה-ב		love					
akavish	עכביש	עַכָּבִישׁ	noun	2	ז	עכבישים	ע-כ-ב-ש		spider					
akom	עקום	עָקוֹם	adjective	2			ע-ק-ם		crooked / bent					
akuti	אקוטי	אָקוּטִי	adjective	2				חריף	acute				loanword; Hebrew חריף	medical_loanword
al	על	עַל	preposition	1					on; about; upon					
ala	עלה	עָלָה	verb	1			ע-ל-ה		to go up / to rise / to cost					
albumin	אלבומין	אַלְבּוּמִין	noun	3	ז				albumin				loanword; blood-protein lab	medical_loanword
ale	עלה	עָלֶה	noun	2	ז	עלים	ע-ל-ה		leaf				homograph: עָלָה = 'rose/went up' (verb)	
alergi	אלרגי	אַלֶרְגִּי	adjective	2					allergic				loanword	medical_loanword
alergia	אלרגיה	אָלֶרְגְּיָה	noun	1	נ	אלרגיות		רגישות	allergy				loanword	medical_loanword
alkohol	אלכוהול	אַלְכּוֹהוֹל	noun	2	ז				alcohol				loanword	
alpayim	אלפיים	אַלְפַּיִם	numeral	2					two thousand					
amad	עמד	עָמַד	verb	1			ע-מ-ד		to stand					
amar	אמר	אָמַר	verb	1			א-מ-ר		to say					
ambatia	אמבטיה	אַמְבַּטְיָה	noun	2	נ	אמבטיות			bath, bathtub				loanword	
ambulans	אמבולנס	אַמְבּוּלַנְס	noun	1	ז	אמבולנסים			ambulance				loanword	medical_loanword
amiti	אמיתי	אֲמִתִּי	adjective	2			א-מ-ת		real, true					
amok	עמוק	עָמוֹק	adjective	2			ע-מ-ק		deep					
amud	עמוד	עַמּוּד	noun	2	ז	עמודים	ע-מ-ד		page; pillar; column				spine = עמוד השדרה	
ana	ענה	עָנָה	verb	1			ע-נ-ה		to answer					
anachnu	אנחנו	אֲנַחְנוּ	pronoun	1					we					
anaf	ענף	עָנָף	noun	2	ז	ענפים	ע-נ-ף		branch (tree; field)					
anak	ענק	עָנָק	noun	2	ז	ענקים	ע-נ-ק		giant				colloquially "huge / great"	
anamneza	אנמנזה	אָנַמְנֶזָה	noun	1	נ			תולדות המחלה	medical history				loanword; the intake interview	medical_loanword
anan	ענן	עָנָן	noun	2	ז	עננים			cloud					
ani	אני	אֲנִי	pronoun	1					I					
antibiotika	אנטיביוטיקה	אַנְטִיבִּיּוֹטִיקָה	noun	2	נ				antibiotics				loanword	medical_loanword
april	אפריל	אַפְּרִיל	noun	2	ז				April				loanword	
arba	ארבע	אַרְבַּע	numeral	1					four (feminine)					
arba-esre	ארבע-עשרה	אַרְבַּע-עֶשְׂרֵה	numeral	2					fourteen (feminine)					
arbaim	ארבעים	אַרְבָּעִים	numeral	1					forty					
arie	אריה	אַרְיֵה	noun	2	ז	אריות			lion					
aritmia	אריתמיה	אַרִיתְמְיָה	noun	3	נ			הפרעת קצב	arrhythmia				loanword	medical_loanword
aron	ארון	אָרוֹן	noun	2	ז	ארונות			closet, cabinet					
arucha	ארוחה	אֲרוּחָה	noun	2	נ	ארוחות	א-ר-ח		meal					
asa	עשה	עָשָׂה	verb	1			ע-שׂ-ה		to do; to make					
ashir	עשיר	עָשִׁיר	adjective	2			ע-ש-ר		rich / wealthy					
asla	אסלה	אַסְלָה	noun	2	נ	אסלות			toilet (bowl)					
asuk	עסוק	עָסוּק	adjective	2			ע-ס-ק		busy					
asur	אסור	אָסוּר	adjective	2			א-ס-ר		forbidden; not allowed					
at	את	אַתְּ	pronoun	1					you (feminine singular)					
ata	אתה	אַתָּה	pronoun	1					you (masculine singular)					
atar	אתר	אֲתָר	noun	2	ז	אתרים			site; website				also means website	
atem	אתם	אַתֶּם	pronoun	1					you (masculine plural)					
aten	אתן	אַתֶּן	pronoun	1					you (feminine plural)					
atid	עתיד	עָתִיד	noun	2	ז		ע-ת-ד		future					
atrofia	אטרופיה	אַטְרוֹפְיָה	noun	3	נ			ניוון	atrophy				loanword; Hebrew ניוון	medical_loanword
atsits	עציץ	עָצִיץ	noun	2	ז	עציצים			flowerpot; potted plant					
atsuv	עצוב	עָצוּב	adjective	2			ע-צ-ב		sad					
atzar	עצר	עָצַר	verb	2			ע-צ-ר		to stop / to arrest					
atzav	עצב	עָצָב	noun	2	ז	עצבים	ע-צ-ב		nerve				plural עצבים also = "nerves / temper"	
atzirut	עצירות	עֲצִירוּת	noun	2	נ		ע-צ-ר		constipation					
atzmi	עצמי	עַצְמִי	adjective	2			ע-צ-ם		own / self-				e.g. autologous, self-	
aura	אאורה	אָאוּרָה	noun	3	נ			הילה	aura				loanword; pre-seizure/pre-migraine sensation	medical_loanword
avad	עבד	עָבַד	verb	1			ע-ב-ד		to work				homograph: also עֶבֶד 'slave'	
aval	אבל	אֲבָל	conjunction	1					but					
avar	עבר	עָבַר	verb	1			ע-ב-ר		to pass / to cross				also noun עָבָר = past (e.g. medical history)	
avchana	אבחנה	אַבְחָנָה	noun	3	נ	אבחנות	א-ב-ח-ן		diagnosis					
ave	עבה	עָבֶה	adjective	2			ע-ב-ה		thick					
aviv	אביב	אָבִיב	noun	2	ז				spring (season)					
avoda	עבודה	עֲבוֹדָה	noun	1	נ	עבודות	ע-ב-ד		work / job					
avokado	אבוקדו	אָבוֹקָדוֹ	noun	2	ז				avocado				loanword	
ayef	עייף	עָיֵף	adjective	2			ע-י-ף		tired					
ayin	עין	עַיִן	noun	1	נ	עיניים			eye					
az	אז	אָז	adverb	1					then, so					
azar	עזר	עָזַר	verb	1			ע-ז-ר		to help					
ba	בא	בָּא	verb	1			ב-ו-א		to come					
baal	בעל	בַּעַל	noun	2	ז	בעלים			husband; owner				also means owner	
baat	בעט	בָּעַט	verb	2			ב-ע-ט		to kick					
baaya	בעיה	בְּעָיָה	noun	2	נ	בעיות			problem					
bacha	בכה	בָּכָה	verb	2			ב-כ-ה		to cry					
bachar	בחר	בָּחַר	verb	2			ב-ח-ר		to choose					
bachur	בחור	בָּחוּר	noun	2	ז	בחורים			young man; guy					
bachura	בחורה	בַּחוּרָה	noun	2	נ	בחורות			young woman; girl					
bachutz	בחוץ	בַּחוּץ	adverb	2					outside					
badak	בדק	בָּדַק	verb	2			ב-ד-ק		to check; to examine					
bahir	בהיר	בָּהִיר	adjective	2			ב-ה-ר		bright; light					
bai	ביי	בַּיי	interjection	1					bye				loanword	
bakbuk	בקבוק	בַּקְבּוּק	noun	2	ז	בקבוקים			bottle					
balagan	בלגן	בָּלָגָן	noun	2	ז				mess; chaos				loanword	
banana	בננה	בַּנָנָה	noun	2	נ	בננות			banana				loanword	
bank	בנק	בַּנְק	noun	2	ז	בנקים			bank				loanword	
bari	בריא	בָּרִיא	adjective	2			ב-ר-א		healthy					
barur	ברור	בָּרוּר	adjective	2			ב-ר-ר		clear; obvious					
barzel	ברזל	בַּרְזֶל	noun	2	ז				iron					
basar	בשר	בָּשָׂר	noun	2	ז				meat; flesh				also means flesh	
bat	בת	בַּת	noun	1	נ	בנות			daughter					
batuach	בטוח	בָּטוּחַ	adjective	2			ב-ט-ח		sure; safe; certain					
batzal	בצל	בָּצָל	noun	2	ז	בצלים			onion					
batzeket	בצקת	בַּצֶּקֶת	noun	3	נ			נפיחות	edema; swelling					
bayit	בית	בַּיִת	noun	1	ז	בתים	ב-י-ת		house; home					
bchila	בחילה	בְּחִילָה	noun	1	נ	בחילות	ב-ח-ל		nausea					
bdika	בדיקה	בְּדִיקָה	noun	2	נ	בדיקות	ב-ד-ק		test; examination					
be	ב	בְּ	preposition	1					in; at; with				prefix preposition	
bechinam	בחינם	בְּחִנָּם	adverb	2					for free					
bederech-klal	בדרך-כלל	בְּדֶרֶךְ כְּלָל	adverb	2					usually					
bediyuk	בדיוק	בְּדִיּוּק	adverb	2					exactly					
beemet	באמת	בֶּאֱמֶת	adverb	2					really; truly					
beerech	בערך	בְּעֵרֶךְ	adverb	2					approximately; about					
beetzem	בעצם	בְּעֶצֶם	adverb	2					actually; in fact					
beged	בגד	בֶּגֶד	noun	2	ז	בגדים			garment; clothing item					
behatzlacha	בהצלחה	בְּהַצְלָחָה	interjection	2					good luck					
beikar	בעיקר	בְּעִקָּר	adverb	2					mainly; mostly					
bein	בין	בֵּין	preposition	2					between; among					
beintayim	בינתיים	בֵּינְתַיִם	adverb	2					meanwhile					
beit-cholim	בית-חולים	בֵּית חוֹלִים	noun	2	ז	בתי-חולים			hospital					
beit-sefer	בית-ספר	בֵּית סֵפֶר	noun	2	ז	בתי-ספר			school					
beitza	ביצה	בֵּיצָה	noun	2	נ	ביצים			egg					
beka	בקע	בֶּקַע	noun	3	ז	בקעים	ב-ק-ע		hernia				colloquially called שבר	
bekalut	בקלות	בְּקַלּוּת	adverb	2					easily					
bekitzur	בקיצור	בְּקִצּוּר	adverb	2					in short; briefly					
bekoshi	בקושי	בְּקוֹשִׁי	adverb	2					barely; hardly					
ben	בן	בֵּן	noun	1	ז	בנים			son					
berach	ברך	בֵּרַךְ	verb	2			ב-ר-כ		to bless				homograph: noun ברך = knee	
berech	ברך	בֶּרֶךְ	noun	2	נ	ברכיים			knee				homograph: verb ברך = to bless	
berer	בירר	בֵּרֵר	verb	2			ב-ר-ר		to clarify; to find out					
berez	ברז	בֶּרֶז	noun	2	ז	ברזים			faucet; tap					
berur	בירור	בֵּרוּר	noun	2	ז	בירורים	ב-ר-ר		clarification; inquiry					
beseder	בסדר	בְּסֵדֶר	adverb	1					okay; fine					
betach	בטח	בֶּטַח	adverb	2					sure; of course				colloquial: of course	
beteavon	בתאבון	בְּתֵאָבוֹן	interjection	2					bon appetit					
beten	בטן	בֶּטֶן	noun	2	נ	בטנים			belly; abdomen					
betoch	בתוך	בְּתוֹךְ	preposition	2					inside; within					
bevadai	בוודאי	בְּוַדַּאי	adverb	2					certainly; surely					
bevakasha	בבקשה	בְּבַקָּשָׁה	interjection	1			ב-ק-ש		please; you're welcome					
beyachad	ביחד	בְּיַחַד	adverb	2					together					
bichlal	בכלל	בִּכְלָל	adverb	2					at all; in general					
bifnim	בפנים	בִּפְנִים	adverb	2					inside					
biglal	בגלל	בִּגְלַל	preposition	2					because of					
bikesh	ביקש	בִּקֵּשׁ	verb	2			ב-ק-ש		to ask; to request					
bikur	ביקור	בִּקּוּר	noun	2	ז	ביקורים	ב-ק-ר		visit					
bilirubin	בילירובין	בִּילִירוּבִּין	noun	3	ז				bilirubin				loanword; liver lab	medical_loanword
bimyuchad	במיוחד	בִּמְיֻחָד	adverb	2					especially					
binyan	בניין	בִּנְיָן	noun	2	ז	בניינים	ב-נ-ה		building					
biopsia	ביופסיה	בְּיוֹפְּסְיָה	noun	3	נ	ביופסיות			biopsy				loanword	medical_loanword
bishel	בישל	בִּשֵּׁל	verb	2			ב-ש-ל		to cook					
bishul	בישול	בִּשּׁוּל	noun	2	ז		ב-ש-ל		cooking					
bishvil	בשביל	בִּשְׁבִיל	preposition	2					for; for the sake of					
bitel	ביטל	בִּטֵּל	verb	2			ב-ט-ל		to cancel					
bitul	ביטול	בִּטּוּל	noun	2	ז	ביטולים	ב-ט-ל		cancellation					
bli	בלי	בְּלִי	preposition	2					without					
boker	בוקר	בֹּקֶר	noun	1	ז	בקרים			morning					
botz	בוץ	בּוֹץ	noun	2	ז				mud					
bradikardia	ברדיקרדיה	בְּרָדִיקַרְדְּיָה	noun	3	נ			דופק איטי	bradycardia				loanword; slow heart rate	medical_loanword
bricha	בריכה	בְּרֵכָה	noun	2	נ	בריכות			pool					
bruchim-habaim	ברוכים-הבאים	בְּרוּכִים הַבָּאִים	interjection	2					welcome					
bsisi	בסיסי	בְּסִיסִי	adjective	2					basic					
chacham	חכם	חָכָם	adjective	2			ח-כ-מ		smart / wise					
chad	חד	חַד	adjective	2			ח-ד-ד		sharp					
chadash	חדש	חָדָשׁ	adjective	1			ח-ד-שׁ		new					
chadashot	חדשות	חֲדָשׁוֹת	noun	2	נ		ח-ד-שׁ		news				grammatically plural	
chag	חג	חַג	noun	2	ז	חגים	ח-ג-ג		holiday, festival					
chai	חי	חַי	adjective	2			ח-י-ה		alive, living				also verb: to live	
chalash	חלש	חַלָּשׁ	adjective	2			ח-ל-ש		weak					
chalav	חלב	חָלָב	noun	1	ז		ח-ל-ב		milk					
chalom	חלום	חֲלוֹם	noun	2	ז	חלומות	ח-ל-מ		dream					
chalon	חלון	חַלּוֹן	noun	1	ז	חלונות	ח-ל-נ		window					
cham	חם	חַם	adjective	1			ח-מ-מ		hot					
chamesh	חמש	חָמֵשׁ	numeral	1					five					
chamesh-esre	חמש-עשרה	חֲמֵשׁ-עֶשְׂרֵה	numeral	2					fifteen (f.)					
chamishi	חמישי	חֲמִישִׁי	adjective	2			ח-מ-ש		fifth				also Thursday (יום חמישי)	
chamishim	חמישים	חֲמִישִּׁים	numeral	1					fifty					
chamtzan	חמצן	חַמְצָן	noun	2	ז		ח-מ-צ		oxygen					
chamud	חמוד	חָמוּד	adjective	2			ח-מ-ד		cute					
chamur	חמור	חָמוּר	adjective	2			ח-מ-ר		severe / serious				also noun חֲמוֹר = donkey	
chamutz	חמוץ	חָמוּץ	adjective	2			ח-מ-צ		sour					
chana	חנה	חָנָה	verb	2			ח-נ-ה		to park				also: to camp	
chaniya	חנייה	חֲנָיָה	noun	2	נ	חניות	ח-נ-ה		parking; parking spot					
chanut	חנות	חֲנוּת	noun	2	נ	חנויות	ח-נ-ה		store / shop					
charif	חריף	חָרִיף	adjective	2			ח-ר-פ		spicy; sharp; (medical) acute				medically: acute (vs. chronic)	
chaser	חסר	חָסֵר	adjective	2			ח-ס-ר		missing, lacking				also verb: to be lacking	
chashav	חשב	חָשַׁב	verb	2			ח-ש-ב		to think					
chashmal	חשמל	חַשְׁמַל	noun	2	ז		ח-שׁ-מ-ל		electricity					
chashuv	חשוב	חָשׁוּב	adjective	2			ח-ש-ב		important					
chatach	חתך	חָתַךְ	verb	2			ח-ת-ך		to cut					
chaticha	חתיכה	חֲתִיכָה	noun	2	נ	חתיכות	ח-ת-ך		piece					
chatul	חתול	חָתוּל	noun	2	ז	חתולים	ח-ת-ל		cat					
chatzi	חצי	חֲצִי	noun	2	ז	חצאים	ח-צ-ה		half					
chatzil	חציל	חָצִיל	noun	2	ז	חצילים	ח-צ-ל		eggplant					
chaver	חבר	חָבֵר	noun	1	ז	חברים	ח-ב-ר		friend					
chaya	חיה	חַיָּה	noun	2	נ	חיות	ח-י-ה		animal					
chayal	חייל	חַיָּל	noun	2	ז	חיילים	ח-י-ל		soldier					
chayav	חייב	חַיָּב	adjective	2			ח-ו-ב		must; obligated; owe					
chazak	חזק	חָזָק	adjective	2			ח-ז-ק		strong					
chazar	חזר	חָזַר	verb	2			ח-ז-ר		to return					
chaze	חזה	חָזֶה	noun	2	ז		ח-ז-ה		chest					
cheder	חדר	חֶדֶר	noun	1	ז	חדרים	ח-ד-ר		room					
chelek	חלק	חֵלֶק	noun	2	ז	חלקים	ח-ל-ק		part / portion				also adj חָלָק = smooth	
chema	חמאה	חֶמְאָה	noun	2	נ				butter					
cheshbon	חשבון	חֶשְׁבּוֹן	noun	2	ז	חשבונות	ח-שׁ-ב		account; bill; arithmetic					
chetech	חתך	חֶתֶךְ	noun	2	ז	חתכים	ח-ת-ך		cut, incision					
chevel	חבל	חֶבֶל	noun	2	ז	חבלים	ח-ב-ל		rope				also interj חֲבָל = what a pity	
chiber	חיבר	חִבֵּר	verb	2			ח-ב-ר		to connect, to join					
chibuk	חיבוק	חִיבּוּק	noun	2	ז	חיבוקים	ח-ב-ק		hug					
chika	חיכה	חִכָּה	verb	2			ח-כ-ה		to wait					
chipes	חיפש	חִפֵּשׂ	verb	2			ח-פ-שׂ		to search, to look for					
chisun	חיסון	חִסּוּן	noun	2	ז	חיסונים	ח-ס-ן		vaccination, immunization					
chite	חיטא	חִטֵּא	verb	2			ח-ט-א		to disinfect					
chitui	חיטוי	חִטּוּי	noun	2	ז		ח-ט-א		disinfection					
chitul	חיתול	חִתּוּל	noun	2	ז	חיתולים	ח-ת-ל		diaper					
chiyech	חייך	חִיֵּךְ	verb	2			ח-י-ך		to smile					
chiyuch	חיוך	חִיּוּךְ	noun	2	ז	חיוכים	ח-י-ך		smile					
chodesh	חודש	חוֹדֶשׁ	noun	1	ז	חודשים	ח-ד-ש		month					
chof	חוף	חוֹף	noun	2	ז	חופים	ח-ו-פ		beach / coast					
chofesh	חופש	חוֹפֶשׁ	noun	2	ז		ח-פ-שׁ		freedom; (school) vacation					
chofshi	חופשי	חוֹפְשִׁי	adjective	2			ח-פ-שׁ		free (unrestricted)					
chok	חוק	חוֹק	noun	2	ז	חוקים	ח-ק-ק		law					
chol	חול	חוֹל	noun	2	ז		ח-ו-ל		sand					
chole	חולה	חוֹלֶה	noun	1	ז	חולים	ח-ל-ה		patient / sick person					
chom	חום	חֹם	noun	1	ז			חום גבוה	fever				also means heat	
chomer	חומר	חוֹמֶר	noun	2	ז	חומרים	ח-מ-ר		material, substance					
choref	חורף	חוֹרֶף	noun	2	ז		ח-ר-ף		winter					
chufsha	חופשה	חוּפְשָׁה	noun	2	נ	חופשות	ח-פ-שׁ		vacation, leave					
chulsha	חולשה	חוּלְשָׁה	noun	2	נ		ח-ל-שׁ		weakness					
chultza	חולצה	חוּלְצָה	noun	2	נ	חולצות	ח-ל-צ		shirt					
chum	חום	חוּם	adjective	2					brown				also חוֹם (chom) = fever/heat	
chush	חוש	חוּשׁ	noun	2	ז	חושים	ח-ו-שׁ		sense (faculty)					
chutz-mi	חוץ-מ	חוּץ-מִ	preposition	2					except for, besides					
daag	דאג	דָּאַג	verb	2			ד-א-ג		to worry					
dacha	דחה	דָּחָה	verb	2			ד-ח-ה		to reject, to postpone					
dachaf	דחף	דָּחַף	verb	2			ד-ח-ף		to push				also a noun: urge, drive	
dachuf	דחוף	דָּחוּף	adjective	2			ד-ח-ף		urgent					
daf	דף	דַּף	noun	2	ז	דפים	ד-פ-ף		page, sheet					
dafak	דפק	דָּפַק	verb	2			ד-פ-ק		to knock, to beat				also a noun: pulse (דֹּפֶק)	
dag	דג	דָּג	noun	1	ז	דגים	ד-ו-ג		fish					
dai	די	דַּי	adverb	1					enough					
dak	דק	דַּק	adjective	2			ד-ק-ק		thin					
daka	דקה	דַּקָּה	noun	1	נ	דקות	ד-ק-ק		minute					
dakar	דקר	דָּקַר	verb	2			ד-ק-ר		to stab, to prick					
daleket	דלקת	דַּלֶּקֶת	noun	2	נ	דלקות	ד-ל-ק		inflammation, infection					
dam	דם	דָּם	noun	1	ז		ד-מ-ם		blood					
darom	דרום	דָּרוֹם	noun	2	ז		ד-ר-ם		south					
davar	דבר	דָּבָר	noun	1	ז	דברים	ד-ב-ר		thing, matter				also a verb: to speak (imperative)	
davka	דווקא	דַּוְקָא	adverb	3					specifically, precisely (of all things)				Aramaic; hard to translate exactly	
dchiya	דחייה	דְּחִיָּה	noun	2	נ	דחיות	ד-ח-ה		rejection, postponement				e.g. graft rejection	
dea	דעה	דֵּעָה	noun	2	נ	דעות	ד-ע-ה		opinion					
delet	דלת	דֶּלֶת	noun	1	נ	דלתות	ד-ל-ת		door					
delirium	דליריום	דֶּלִירְיוּם	noun	3	ז			בלבול חריף	delirium				loanword	medical_loanword
derech	דרך	דֶּרֶךְ	noun	1	נ	דרכים	ד-ר-ך		way, road				also a preposition: via	
dermatitis	דרמטיטיס	דֶּרְמָטִיטִיס	noun	2	ז			דלקת עור	dermatitis				loanword	medical_loanword
deshe	דשא	דֶּשֶׁא	noun	2	ז		ד-ש-א		grass, lawn					
detsember	דצמבר	דֶּצֶמְבֶּר	noun	2	ז				December				loanword	
dfika	דפיקה	דְּפִיקָה	noun	2	נ	דפיקות	ד-פ-ק		knock, beat					
diagnoza	דיאגנוזה	דִּיאַגְנוֹזָה	noun	2	נ			אבחנה	diagnosis				loanword; Hebrew אבחנה	medical_loanword
dializa	דיאליזה	דִּיאָלִיזָה	noun	2	נ				dialysis				loanword	medical_loanword
diastoli	דיאסטולי	דִּיאַסְטוֹלִי	adjective	3					diastolic				loanword; heart-relaxation phase	medical_loanword
diber	דיבר	דִּבֵּר	verb	1			ד-ב-ר		to speak, to talk					
difuzi	דיפוזי	דִיפוּזִי	adjective	3				מפושט	diffuse				loanword; Hebrew מפושט	medical_loanword
dikaon	דיכאון	דִּכָּאוֹן	noun	2	ז		ד-כ-א		depression					
dimum	דימום	דִּמּוּם	noun	2	ז	דימומים	ד-מ-ם		bleeding, hemorrhage					
dira	דירה	דִּירָה	noun	2	נ	דירות	ד-ו-ר		apartment					
dislipidemia	דיסליפידמיה	דִיסְלִיפִּידֶמְיָה	noun	3	נ			שומנים גבוהים בדם	dyslipidemia				loanword	medical_loanword
dislokatzya	דיסלוקציה	דִיסְלוֹקַצְיָה	noun	2	נ			פריקה	dislocation				loanword; joint dislocation	medical_loanword
dispnea	דיספניאה	דִיסְפְּנֵאָה	noun	2	נ			קוצר נשימה	dyspnea				loanword; Hebrew קוצר נשימה	medical_loanword
distali	דיסטלי	דִיסְטָלִי	adjective	3				מרוחק	distal				loanword; farther from the center	medical_loanword
divuach	דיווח	דִּוּוּחַ	noun	2	ז	דיווחים	ד-ו-ח		report, reporting				verb form (to report) is spelled the same	
dkira	דקירה	דְּקִירָה	noun	2	נ	דקירות	ד-ק-ר		prick, puncture, stab					
doar	דואר	דֹּאַר	noun	2	ז				mail, post					
dofek	דופק	דֹּפֶק	noun	1	ז		ד-פ-ק		pulse					
dome	דומה	דּוֹמֶה	adjective	2			ד-מ-ה		similar					
duch	דו"ח	דּוּ"חַ	abbreviation	2	ז	דוחות			report				abbreviation of דין וחשבון	
dugma	דוגמה	דֻּגְמָה	noun	2	נ	דוגמאות			example				loanword	
dvora	דבורה	דְּבוֹרָה	noun	2	נ	דבורים	ד-ב-ר		bee				also the name Deborah	
echad	אחד	אֶחָד	numeral	1					one (masculine)					
edema	אדמה	אֶדֶמָה	noun	3	נ			בצקת	edema				loanword; Hebrew בצקת (distinct from אֲדָמָה "soil")	medical_loanword
efshar	אפשר	אֶפְשָׁר	adverb	1					possible; it is possible					
egoz	אגוז	אֱגוֹז	noun	2	ז	אגוזים			nut					
eich	איך	אֵיךְ	adverb	1					how					
eifo	איפה	אֵיפֹה	adverb	1					where					
ein	אין	אֵין	adverb	1					there is not; none					
eirua	אירוע	אֵרוּעַ	noun	2	ז	אירועים	א-ר-ע		event				medical: אירוע מוחי = stroke	
eize	איזה	אֵיזֶה	pronoun	1					which, what kind of					
ekdach	אקדח	אֶקְדָּח	noun	2	ז	אקדחים			pistol, handgun					
ele	אלה	אֵלֶּה	pronoun	1					these					
elef	אלף	אֶלֶף	numeral	1					thousand					
elektrolitim	אלקטרוליטים	אֶלֶקְטְרוֹלִיטִים	noun	3	ז			מלחים	electrolytes				loanword; already plural form	medical_loanword
emboliya	אמבוליה	אֶמְבּוֹלְיָה	noun	3	נ			תסחיף	embolism				loanword; Hebrew תסחיף	medical_loanword
empiri	אמפירי	אֶמְפִּירִי	adjective	3				ניסיוני	empiric				loanword; empiric (treatment)	medical_loanword
endokarditis	אנדוקרדיטיס	אֶנְדוֹקַרְדִּיטִיס	noun	3	ז			דלקת פנים הלב	endocarditis				loanword	medical_loanword
enoshi	אנושי	אֱנוֹשִׁי	adjective	2			א-נ-שׁ		human					
er	ער	עֵר	adjective	2			ע-ו-ר		awake; alert					
erev	ערב	עֶרֶב	noun	1	ז	ערבים			evening					
eser	עשר	עֶשֶׂר	numeral	1					ten					
esh	אש	אֵשׁ	noun	1	נ				fire					
esrim	עשרים	עֶשְׂרִים	numeral	1					twenty					
et	את	אֵת	particle	1					(direct-object marker)				direct-object marker, untranslated	
et-pen	עט	עֵט	noun	2	ז	עטים			pen					
etiologia	אטיולוגיה	אֶטְיוֹלוֹגְיָה	noun	3	נ			גורם המחלה	etiology				loanword; cause of disease	medical_loanword
etmol	אתמול	אֶתְמוֹל	adverb	1					yesterday					
ets	עץ	עֵץ	noun	1	ז	עצים			tree; wood					
etsev	עצב	עֶצֶב	noun	2	ז		ע-צ-ב		sadness; sorrow				homograph: עָצָב = 'nerve'	
etzba	אצבע	אֶצְבַּע	noun	2	נ	אצבעות			finger					
etzel	אצל	אֵצֶל	preposition	2					at, by, at the place of					
etzem	עצם	עֶצֶם	noun	1	נ	עצמות	ע-צ-ם		bone				also means object / essence	
even	אבן	אֶבֶן	noun	2	נ	אבנים			stone				medical: אבן בכליה = kidney stone	
eyn-al-ma	אין-על-מה	אֵין עַל מָה	phrase	2					you're welcome				response to thanks	
ezor	אזור	אֵזוֹר	noun	2	ז	אזורים	א-ז-ר		area, region, zone					
ezra	עזרה	עֶזְרָה	noun	1	נ		ע-ז-ר		help / aid				עזרה ראשונה = first aid	
februar	פברואר	פֶבְּרוּאָר	noun	2	ז				February				loanword	
fotofobia	פוטופוביה	פוֹטוֹפוֹבְּיָה	noun	3	נ			רגישות לאור	photophobia				loanword	medical_loanword
gader	גדר	גָּדֵר	noun	2	נ	גדרות			fence					
gadol	גדול	גָּדוֹל	adjective	1			ג-ד-ל		big; large					
gag	גג	גַּג	noun	2	ז	גגות	ג-ג-ג		roof					
galgal	גלגל	גַּלְגַּל	noun	2	ז	גלגלים	ג-ל-ג-ל		wheel					
gam	גם	גַּם	adverb	1					also, too					
gan	גן	גַּן	noun	1	ז	גנים	ג-נ-ן		garden, kindergarten					
gar	גר	גָּר	verb	2			ג-ו-ר		to live, to reside				also a noun: convert (גֵּר)	
garin	גרעין	גַּרְעִין	noun	2	ז	גרעינים	ג-ר-ע-ן		nucleus, seed, kernel				seed; also cell nucleus	
garon	גרון	גָּרוֹן	noun	2	ז	גרונות	ג-ר-ן		throat					
garua	גרוע	גָּרוּעַ	adjective	2			ג-ר-ע		bad, poor, terrible					
gaut	גאוט	גָּאוּט	noun	2	ז			שיגדון	gout				loanword; Hebrew שיגדון	medical_loanword
gav	גב	גַּב	noun	2	ז	גבים			back					
gavoah	גבוה	גָּבוֹהַּ	adjective	2			ג-ב-ה		tall, high					
gerev	גרב	גֶּרֶב	noun	2	ז	גרביים	ג-ר-ב		sock				gender debated; Academy lists masculine	
gerud	גירוד	גֵּרוּד	noun	2	ז		ג-ר-ד		itching, scratching					
geshem	גשם	גֶּשֶׁם	noun	2	ז	גשמים	ג-ש-ם		rain					
gesher	גשר	גֶּשֶׁר	noun	2	ז	גשרים			bridge					
gever	גבר	גֶּבֶר	noun	2	ז	גברים	ג-ב-ר		man, male				also a verb: to overcome	
geves	גבס	גֶּבֶס	noun	2	ז				plaster cast				orthopedic cast; loanword	medical_loanword
gezer	גזר	גֶּזֶר	noun	2	ז	גזרים	ג-ז-ר		carrot				also a verb: to cut/sentence	
gid	גיד	גִּיד	noun	2	ז	גידים	ג-י-ד		tendon, sinew					
gil	גיל	גִּיל	noun	1	ז		ג-י-ל		age					
gila	גילה	גִּלָּה	verb	2			ג-ל-ה		to discover, to reveal					
gina	גינה	גִּנָּה	noun	2	נ	גינות	ג-נ-ן		garden					
gitara	גיטרה	גִּיטָרָה	noun	2	נ	גיטרות			guitar				loanword	
glaukoma	גלאוקומה	גְלָאוּקוֹמָה	noun	2	נ			ברקית	glaucoma				loanword; Hebrew ברקית	medical_loanword
glukoz	גלוקוז	גְּלוּקוֹז	noun	2	ז			סוכר	glucose				loanword; Hebrew סוכר	medical_loanword
govah	גובה	גֹּבַהּ	noun	2	ז		ג-ב-ה		height					
guf	גוף	גּוּף	noun	1	ז		ג-ו-ף		body					
ha	ה	הַ	particle	1					the (definite article)				prefix definite article	
haaracha	הערכה	הַעֲרָכָה	noun	2	נ	הערכות	ע-ר-ך		assessment, evaluation, estimate					
haba	הבא	הַבָּא	adjective	2			ב-ו-א		next, the coming one				also imperative: bring!	
hachi	הכי	הֲכִי	adverb	1					most (superlative)					
hachlama	החלמה	הַחְלָמָה	noun	2	נ		ח-ל-מ		recovery / convalescence					
hachlata	החלטה	הַחְלָטָה	noun	2	נ	החלטות	ח-ל-ט		decision					
hachmara	החמרה	הַחְמָרָה	noun	3	נ	החמרות	ח-מ-ר		worsening / exacerbation					
hafnaya	הפנייה	הַפְנָיָה	noun	2	נ	הפניות	פ-נ-ה		referral					
hafsaka	הפסקה	הַפְסָקָה	noun	2	נ	הפסקות	פ-ס-ק		break, pause, recess					
hakaa	הקאה	הֲקָאָה	noun	1	נ	הקאות	ק-י-א		vomiting					
hakodem	הקודם	הַקּוֹדֵם	adjective	2			ק-ד-ם		previous, former					
hakol	הכל	הַכֹּל	pronoun	1					everything, all					
halach	הלך	הָלַךְ	verb	1			ה-ל-ך		to go, to walk					
halicha	הליכה	הֲלִיכָה	noun	2	נ	הליכות	ה-ל-כ		walking					
har	הר	הַר	noun	2	ז	הרים	ה-ר-ר		mountain					
harbe	הרבה	הַרְבֵּה	adverb	1					a lot, many, much					
hashaara	השערה	הַשְׁעָרָה	noun	3	נ	השערות	ש-ע-ר		hypothesis, conjecture					
hatchala	התחלה	הַתְחָלָה	noun	2	נ	התחלות	ח-ל-ל		beginning, start					
hatzaa	הצעה	הַצָּעָה	noun	2	נ	הצעות	י-צ-ע		offer, proposal, suggestion					
hatzlacha	הצלחה	הַצְלָחָה	noun	2	נ	הצלחות	צ-ל-ח		success					
hechlit	החליט	הֶחְלִיט	verb	2			ח-ל-ט		to decide					
hechzik	החזיק	הֶחֱזִיק	verb	2			ח-ז-ק		to hold					
heemin	האמין	הֶאֱמִין	verb	2			א-מ-נ		to believe					
hege	הגה	הֶגֶה	noun	2	ז		ה-ג-ה		steering wheel				also means a syllable; verb הָגָה = to utter	
hegiv	הגיב	הֵגִיב	verb	2			ג-ו-ב		to react					
hem	הם	הֵם	pronoun	1					they (m)					
hematoma	המטומה	הֶמָטוֹמָה	noun	3	נ			שטף דם	hematoma				loanword	medical_loanword
hemshech	המשך	הֶמְשֵׁךְ	noun	2	ז	המשכים	מ-ש-כ		continuation					
hen	הן	הֵן	pronoun	1					they (f)					
hevdel	הבדל	הֶבְדֵּל	noun	2	ז	הבדלים	ב-ד-ל		difference					
hevi	הביא	הֵבִיא	verb	2			ב-ו-א		to bring					
hey	היי	הַיי	interjection	1					hi, hey				loanword; colloquial greeting	
hi	היא	הִיא	pronoun	1					she, it					
hichiv	הכאיב	הִכְאִיב	verb	2			כ-א-ב		to hurt / cause pain					
hidlik	הדליק	הִדְלִיק	verb	2			ד-ל-ק		to light / turn on					
hidpis	הדפיס	הִדְפִּיס	verb	2			ד-פ-ס		to print					
hidronefrozis	הידרונפרוזיס	הִידְרוֹנֶפְרוֹזִיס	noun	3	ז			מיימת בכליה	hydronephrosis				loanword; urinary tract dilation	medical_loanword
hifria	הפריע	הִפְרִיעַ	verb	2			פ-ר-ע		to disturb					
hifsik	הפסיק	הִפְסִיק	verb	2			פ-ס-ק		to stop, to cease					
higia	הגיע	הִגִּיעַ	verb	2			נ-ג-ע		to arrive					
hikdim	הקדים	הִקְדִּים	verb	2			ק-ד-מ		to be early / precede					
hikir	הכיר	הִכִּיר	verb	2			נ-כ-ר		to know / recognize					
hikshiv	הקשיב	הִקְשִׁיב	verb	2			ק-ש-ב		to listen					
himlitz	המליץ	הִמְלִיץ	verb	2			מ-ל-ץ		to recommend					
himshich	המשיך	הִמְשִׁיךְ	verb	2			מ-ש-כ		to continue					
hine	הנה	הִנֵּה	adverb	2					here (is), behold					
hipoglikemia	היפוגליקמיה	הִיפּוֹגְלִיקֶמְיָה	noun	3	נ			סוכר נמוך בדם	hypoglycemia				loanword	medical_loanword
hipoksia	היפוקסיה	הִיפּוֹקְסְיָה	noun	3	נ			חוסר חמצן	hypoxia				loanword	medical_loanword
hipovolemia	היפוולמיה	הִיפּוֹווֹלֶמְיָה	noun	3	נ			חוסר נפח	hypovolemia				loanword	medical_loanword
hirgia	הרגיע	הִרְגִּיעַ	verb	2			ר-ג-ע		to calm					
hirgish	הרגיש	הִרְגִּישׁ	verb	2			ר-ג-ש		to feel					
hisbir	הסביר	הִסְבִּיר	verb	2			ס-ב-ר		to explain					
hishtamesh	השתמש	הִשְׁתַּמֵּשׁ	verb	2			ש-מ-ש		to use					
hishtaper	השתפר	הִשְׁתַּפֵּר	verb	2			ש-פ-ר		to improve					
hispik	הספיק	הִסְפִּיק	verb	2			ס-פ-ק		to manage / have enough time					
histakel	הסתכל	הִסְתַּכֵּל	verb	2			ס-כ-ל		to look					
historia	היסטוריה	הִיסְטוֹרְיָה	noun	2	נ				history				loanword	
hitakesh	התעקש	הִתְעַקֵּשׁ	verb	2			ע-ק-ש		to insist					
hitalef	התעלף	הִתְעַלֵּף	verb	2			ע-ל-פ		to faint					
hitchaten	התחתן	הִתְחַתֵּן	verb	2			ח-ת-נ		to get married					
hitchil	התחיל	הִתְחִיל	verb	2			ח-ל-ל		to begin, to start					
hitkaleach	התקלח	הִתְקַלֵּחַ	verb	2			ק-ל-ח		to shower					
hitkasher	התקשר	הִתְקַשֵּׁר	verb	2			ק-ש-ר		to call, to phone					
hitlonen	התלונן	הִתְלוֹנֵן	verb	2			ל-ו-ן		to complain					
hitnatzel	התנצל	הִתְנַצֵּל	verb	2			נ-צ-ל		to apologize					
hitorer	התעורר	הִתְעוֹרֵר	verb	2			ע-ו-ר		to wake up					
hitoshesh	התאושש	הִתְאוֹשֵׁשׁ	verb	2			א-ש-ש		to recover					
hitosheshut	התאוששות	הִתְאוֹשְׁשׁוּת	noun	2	נ		א-ש-ש		recovery					
hitragel	התרגל	הִתְרַגֵּל	verb	2			ר-ג-ל		to get used to					
hitvakeach	התווכח	הִתְוַכֵּחַ	verb	2			ו-כ-ח		to argue					
hitzia	הציע	הִצִּיעַ	verb	2			י-צ-ע		to offer, to suggest					
hitzliach	הצליח	הִצְלִיחַ	verb	2			צ-ל-ח		to succeed					
hitztaer	הצטער	הִצְטַעֵר	verb	2			צ-ע-ר		to be sorry / regret					
hivtiach	הבטיח	הִבְטִיחַ	verb	2			ב-ט-ח		to promise					
hizdamnut	הזדמנות	הִזְדַּמְּנוּת	noun	2	נ	הזדמנויות	ז-מ-ן		opportunity, chance					
hizmin	הזמין	הִזְמִין	verb	2			ז-מ-נ		to order / invite					
hoda	הודה	הוֹדָה	verb	2			י-ד-ה		to thank / admit					
hodaa	הודעה	הוֹדָעָה	noun	2	נ	הודעות	י-ד-ע		message, notification					
horid	הוריד	הוֹרִיד	verb	2			י-ר-ד		to lower, to take down					
horim	הורים	הוֹרִים	noun	1	ז		ה-ר-ה		parents				plural; singular הוֹרֶה (parent)	
hu	הוא	הוּא	pronoun	1					he, it					
icher	איחר	אִחֵר	verb	2			א-ח-ר		to be late					
ichur	איחור	אִחוּר	noun	2	ז	איחורים	א-ח-ר		delay; lateness					
igul	עיגול	עִגּוּל	noun	2	ז	עיגולים	ע-ג-ל		circle					
im	אם	אִם	conjunction	1					if					
im-with	עם	עִם	preposition	1					with				homograph עַם = people / nation	
ima	אמא	אִמָּא	noun	1	נ	אמהות			mom, mother					
imeil	אימייל	אִימֵייל	noun	2	ז	אימיילים			email				loanword	
infuzya	אינפוזיה	אִינְפוּזְיָה	noun	2	נ			עירוי	infusion (IV drip)				loanword; Hebrew עירוי	medical_loanword
insulin	אינסולין	אִינְסוּלִין	noun	2	ז				insulin				loanword	medical_loanword
internet	אינטרנט	אִינְטֶרְנֶט	noun	2	ז				internet				loanword	
intubatzya	אינטובציה	אִינְטוּבַּצְיָה	noun	3	נ			החדרת צינור הנשמה	intubation				loanword	medical_loanword
inyan	עניין	עִנְיָן	noun	2	ז	עניינים			matter / affair / interest					
ir	עיר	עִיר	noun	1	נ	ערים			city; town					
irgun	ארגון	אִרְגּוּן	noun	2	ז	ארגונים	א-ר-ג-ן		organization					
ish	איש	אִישׁ	noun	1	ז	אנשים			man, person				irregular plural אנשים	
isha	אישה	אִשָּׁה	noun	1	נ	נשים			woman, wife				irregular plural נשים	
ishi	אישי	אִישִׁי	adjective	2					personal					
ishpuz	אשפוז	אִשְׁפּוּז	noun	2	ז	אשפוזים	א-ש-פ-ז		hospitalization					
ishur	אישור	אִשּׁוּר	noun	2	ז	אישורים	א-שׁ-ר		approval, confirmation, certificate					
iti	איטי	אִטִּי	adjective	2					slow					
iton	עיתון	עִתּוֹן	noun	2	ז	עיתונים			newspaper					
kaas	כעס	כַּעַס	noun	2	ז		כ-ע-ס		anger					
kacha	ככה	כָּכָה	adverb	2					like this, so, thus					
kachol	כחול	כָּחֹל	adjective	2					blue					
kadima	קדימה	קָדִימָה	adverb	2					forward, ahead					
kadur	כדור	כַּדּוּר	noun	2	ז	כדורים			ball; pill, tablet				also = pill/tablet	
kaf	כף	כַּף	noun	2	נ	כפות			spoon; palm (of hand)				also palm of hand (כף יד)	
kafats	קפץ	קָפַץ	verb	2			ק-פ-ץ		to jump					
kafeh	קפה	קָפֶה	noun	2	ז				coffee				loanword	
kaftor	כפתור	כַּפְתּוֹר	noun	2	ז	כפתורים			button					
kal	קל	קַל	adjective	1			ק-ל-ל		easy; light					
kam	קם	קָם	verb	1			ק-ו-ם		to get up, to rise					
kama	כמה	כַּמָּה	adverb	1					how many, how much; some					
kan	כאן	כָּאן	adverb	1					here					
kana	קנה	קָנָה	verb	1			ק-נ-ה		to buy				noun קָנֶה = trachea/cane	
kanire	כנראה	כַּנִּרְאֶה	adverb	2					probably, apparently					
kapit	כפית	כַּפִּית	noun	2	נ	כפיות			teaspoon					
kar	קר	קַר	adjective	1			ק-ר-ר		cold					
kara	קרא	קָרָא	verb	1			ק-ר-א		to read; to call					
kara-tore	קרע	קָרַע	verb	2			ק-ר-ע		to tear				homograph of קֶרַע (tear, n.)	
kardiali	קרדיאלי	קַרְדִּיאָלִי	adjective	2				לבבי	cardiac				loanword; Hebrew לבבי	medical_loanword
kardiomiopatia	קרדיומיופתיה	קַרְדִיוֹמִיוֹפַּתְיָה	noun	3	נ			מחלת שריר הלב	cardiomyopathy				loanword	medical_loanword
karega	כרגע	כָּרֶגַע	adverb	2					right now, at the moment					
karit	כרית	כָּרִית	noun	2	נ	כריות			pillow, cushion					
karotid	קרוטיד	קָרוֹטִיד	noun	3	ז			עורק הצוואר	carotid				loanword; neck artery	medical_loanword
karov	קרוב	קָרוֹב	adjective	1			ק-ר-ב		near, close				also = a relative (family)	
karsol	קרסול	קַרְסֹל	noun	2	ז	קרסוליים			ankle					
kartsinoma	קרצינומה	קַרְצִינוֹמָה	noun	3	נ			סרטן	carcinoma				loanword	medical_loanword
kasheh	קשה	קָשֶׁה	adjective	1			ק-ש-ה		hard, difficult					
kashur	קשור	קָשׁוּר	adjective	2			ק-ש-ר		connected, related					
katan	קטן	קָטָן	adjective	1			ק-ט-ן		small					
katarakt	קטרקט	קָטָרַקְט	noun	2	ז			ירוד	cataract				loanword; Hebrew ירוד	medical_loanword
katav	כתב	כָּתַב	verb	2			כ-ת-ב		to write					
katef	כתף	כָּתֵף	noun	2	נ	כתפיים			shoulder					
kateter	קטטר	קָתֶטֶר	noun	2	ז	קטטרים		צנתר	catheter				loanword	medical_loanword
katuv	כתוב	כָּתוּב	adjective	2			כ-ת-ב		written					
kava	קבע	קָבַע	verb	2			ק-ב-ע		to set, to determine					
kavana	כוונה	כַּוָּנָה	noun	2	נ	כוונות	כ-ו-ן		intention					
kaved	כבד	כָּבֵד	noun	2	ז				liver				homograph: also כָּבֵד = heavy (adj.)	
kdai	כדאי	כְּדַאי	adjective	2					worthwhile, worth it					
kdei	כדי	כְּדֵי	conjunction	2					in order to, so as to					
keev	כאב	כְּאֵב	noun	1	ז	כאבים	כ-א-ב		pain					
kef	כיף	כֵּיף	noun	2	ז				fun				colloquial; loanword	
kehe	כהה	כֵּהֶה	adjective	2					dark (color)					
kelev	כלב	כֶּלֶב	noun	1	ז	כלבים	כ-ל-ב		dog					
kemach	קמח	קֶמַח	noun	2	ז		ק-מ-ח		flour					
ken	כן	כֵּן	adverb	1					yes					
kera	קרע	קֶרַע	noun	2	ז	קרעים	ק-ר-ע		tear, rupture					
kesef	כסף	כֶּסֶף	noun	1	ז				money; silver				also = silver	
kesher	קשר	קֶשֶׁר	noun	2	ז	קשרים	ק-ש-ר		connection, contact					
ketsev	קצב	קֶצֶב	noun	2	ז		ק-צ-ב		rhythm, rate				also קַצָּב = butcher	
keva	קיבה	קֵבָה	noun	2	נ				stomach					
kfar	כפר	כְּפָר	noun	2	ז	כפרים			village					
ki	כי	כִּי	conjunction	1					because, that					
kiba	כיבה	כִּבָּה	verb	2			כ-ב-ה		to extinguish, to turn off					
kilya	כליה	כִּלְיָה	noun	2	נ	כליות			kidney				medical (organ)	
kimat	כמעט	כִּמְעַט	adverb	1					almost					
kir	קיר	קִיר	noun	2	ז	קירות	ק-י-ר		wall					
kise	כיסא	כִּסֵּא	noun	1	ז	כיסאות			chair					
kita	כיתה	כִּתָּה	noun	2	נ	כיתות			class, classroom, grade					
kiyor	כיור	כִּיּוֹר	noun	2	ז	כיורים			sink, washbasin					
klali	כללי	כְּלָלִי	adjective	2					general					
klini	קליני	קְלִינִי	adjective	2					clinical				loanword	medical_loanword
klum	כלום	כְּלוּם	pronoun	2					nothing, anything					
kmo	כמו	כְּמוֹ	preposition	1					like, as					
knisa	כניסה	כְּנִיסָה	noun	2	נ	כניסות	כ-נ-ס		entrance, entry					
koach	כוח	כֹּחַ	noun	2	ז	כוחות			strength, power, force					
kochav	כוכב	כּוֹכָב	noun	2	ז	כוכבים			star					
kodem	קודם	קֹדֶם	adverb	2					before, earlier					
kodem-kol	קודם-כל	קֹדֶם-כֹּל	phrase	2					first of all					
koev	כואב	כּוֹאֵב	verb	1			כ-א-ב		to hurt, to ache				present tense of כָּאַב	
kof	קוף	קוֹף	noun	2	ז	קופים			monkey					
kol	כל	כֹּל	noun	1	ז				all, every, everything					
kol-voice	קול	קוֹל	noun	1	ז	קולות	ק-ו-ל		voice, sound					
kolecistitis	כולציסטיטיס	כוֹלֵצִיסְטִיטִיס	noun	3	ז			דלקת כיס המרה	cholecystitis				loanword	medical_loanword
koma	קומה	קוֹמָה	noun	2	נ	קומות			floor, story					
kos	כוס	כּוֹס	noun	1	נ	כוסות			cup, glass					
kosher	כושר	כֹּשֶׁר	noun	2	ז		כ-ש-ר		fitness, ability					
koshi	קושי	קֹשִׁי	noun	2	ז	קשיים	ק-ש-ה		difficulty					
kotzer-neshima	קוצר נשימה	קֹצֶר נְשִׁימָה	phrase	1	ז			קשה לנשום	shortness of breath					
kova	כובע	כּוֹבַע	noun	2	ז	כובעים			hat					
kovets	קובץ	קֹבֶץ	noun	2	ז	קבצים	ק-ב-ץ		file					
kreatinin	קריאטינין	קְרֵאָטִינִין	noun	3	ז				creatinine				loanword; kidney-function lab	medical_loanword
krepitatzyot	קרפיטציות	קְרֶפִּיטַצְיוֹת	noun	3	נ			חרחורים	crepitations (crackles)				lung sounds on auscultation; loanword	medical_loanword
kroni	כרוני	כְרוֹנִי	adjective	3				מתמשך	chronic				loanword; medical	medical_loanword
kshe	כש	כְּשֶׁ	conjunction	2					when (prefix)				prefix meaning 'when'	
ktovet	כתובת	כְּתֹבֶת	noun	2	נ	כתובות	כ-ת-ב		address					
ktsat	קצת	קְצָת	adverb	1					a little, a bit					
kvar	כבר	כְּבָר	adverb	1					already					
kvish	כביש	כְּבִישׁ	noun	2	ז	כבישים	כ-ב-ש		road, highway					
kviya	כווייה	כְּוִיָּה	noun	2	נ	כוויות	כ-ו-ה		burn (injury)				burn injury (medical)	
laachrona	לאחרונה	לָאַחֲרוֹנָה	adverb	2					recently, lately					
lach	לח	לַח	adjective	2					moist, damp, humid					
lachatz	לחץ	לַחַץ	noun	2	ז	לחצים	ל-ח-צ		pressure, stress				as in לחץ דם = blood pressure	
lachatz-dam	לחץ דם	לַחַץ דָּם	noun	1	ז			לחץ	blood pressure					
lachut	לחות	לַחוּת	noun	2	נ				humidity, moisture					
lakach	לקח	לָקַח	verb	2			ל-ק-ח		to take					
lakoach	לקוח	לָקוֹחַ	noun	2	ז	לקוחות			customer, client					
lama	למה	לָמָּה	adverb	1					why					
lamad	למד	לָמַד	verb	2			ל-מ-ד		to learn, to study					
lashon	לשון	לָשׁוֹן	noun	2	נ	לשונות			tongue; language				medical = tongue; also = language	
lavan	לבן	לָבָן	adjective	1			ל-ב-ן		white					
lavlav	לבלב	לַבְלָב	noun	3	ז				pancreas				medical (anatomy)	
layla	לילה	לַיְלָה	noun	1	ז	לילות			night				masculine despite ־ה ending	
le	ל	לְ	preposition	1					to, for				prefix preposition	
lean	לאן	לְאָן	adverb	2					where to					
leat	לאט	לְאַט	adverb	2					slowly					
lechem	לחם	לֶחֶם	noun	1	ז				bread					
ledaati	לדעתי	לְדַעְתִּי	adverb	2					in my opinion					
lefachot	לפחות	לְפָחוֹת	adverb	2					at least					
legamrei	לגמרי	לְגַמְרֵי	adverb	2					completely, entirely					
lehitraot	להתראות	לְהִתְרָאוֹת	interjection	1					goodbye, see you					
lemala	למעלה	לְמַעְלָה	adverb	2					up, above, upstairs					
lemashal	למשל	לְמָשָׁל	adverb	2					for example					
lemata	למטה	לְמַטָּה	adverb	2					down, below, downstairs					
leukotsitozis	לויקוציטוזיס	לֵאוּקוֹצִיטוֹזִיס	noun	3	ז			ריבוי תאי דם לבנים	leukocytosis				loanword	medical_loanword
lev	לב	לֵב	noun	1	ז	לבבות			heart					
levad	לבד	לְבַד	adverb	2					alone, by oneself					
lifamim	לפעמים	לִפְעָמִים	adverb	2					sometimes					
lifnei	לפני	לִפְנֵי	preposition	1					before, in front of					
limon	לימון	לִימוֹן	noun	2	ז	לימונים			lemon					
limudim	לימודים	לִמּוּדִים	noun	2	ז		ל-מ-ד		studies, schooling				plural form (sg. לימוד)	
lo	לא	לֹא	adverb	1					no, not					
ma	מה	מָה	pronoun	1					what					
maabada	מעבדה	מַעְבָּדָה	noun	2	נ	מעבדות	ע-ב-ד		laboratory					
maagal	מעגל	מַעְגָּל	noun	2	ז	מעגלים	ע-ג-ל		circle					
maalit	מעלית	מַעֲלִית	noun	2	נ	מעליות	ע-ל-ה		elevator, lift					
maarav	מערב	מַעֲרָב	noun	2	ז		ע-ר-ב		west					
maarechet	מערכת	מַעֲרֶכֶת	noun	2	נ	מערכות	ע-ר-ך		system					
machala	מחלה	מַחֲלָה	noun	2	נ	מחלות	ח-ל-ה		illness, disease					
machar	מחר	מָחָר	adverb	1					tomorrow					
machat	מחט	מַחַט	noun	2	נ	מחטים			needle					
machberet	מחברת	מַחְבֶּרֶת	noun	2	נ	מחברות	ח-ב-ר		notebook					
machlaka	מחלקה	מַחְלָקָה	noun	2	נ	מחלקות	ח-ל-ק		department, ward				hospital ward	
machshava	מחשבה	מַחְשָׁבָה	noun	2	נ	מחשבות	ח-ש-ב		thought					
machshev	מחשב	מַחְשֵׁב	noun	2	ז	מחשבים	ח-ש-ב		computer					
machshir	מכשיר	מַכְשִׁיר	noun	2	ז	מכשירים	כ-ש-ר		device/instrument					
mada	מדע	מַדָּע	noun	2	ז	מדעים	י-ד-ע		science					
madad	מדד	מָדַד	verb	2			מ-ד-ד		to measure				verb; noun מַדָּד = index	
madan	מדען	מַדְעָן	noun	2	ז	מדענים	י-ד-ע		scientist					
madhim	מדהים	מַדְהִים	adjective	2			ד-ה-ם		amazing, astonishing					
madpeset	מדפסת	מַדְפֶּסֶת	noun	2	נ	מדפסות	ד-פ-ס		printer					
madregot	מדרגות	מַדְרֵגוֹת	noun	2	נ		ד-ר-ג		stairs, steps				plural of מַדְרֵגָה	
mafchid	מפחיד	מַפְחִיד	adjective	2			פ-ח-ד		scary, frightening					
mafteach	מפתח	מַפְתֵּחַ	noun	2	ז	מפתחות	פ-ת-ח		key					
maga	מגע	מַגָּע	noun	2	ז	מגעים	נ-ג-ע		contact/touch					
magash	מגש	מַגָּשׁ	noun	2	ז	מגשים			tray					
magefa	מגפה	מַגֵּפָה	noun	2	נ	מגפות	נ-ג-ף		epidemic, plague					
magevet	מגבת	מַגֶּבֶת	noun	2	נ	מגבות	נ-ג-ב		towel					
maher	מהר	מַהֵר	adverb	1			מ-ה-ר		quickly, fast					
mahir	מהיר	מָהִיר	adjective	2			מ-ה-ר		fast, quick					
mai	מאי	מַאי	noun	2	ז				May				month name	
maka	מכה	מַכָּה	noun	2	נ	מכות	נ-כ-ה		blow, hit; wound					
makom	מקום	מָקוֹם	noun	1	ז	מקומות	ק-ו-ם		place, spot					
male	מלא	מָלֵא	adjective	2			מ-ל-א		full				also verb: to fill (מִלֵּא)	
maluach	מלוח	מָלוּחַ	adjective	2			מ-ל-ח		salty					
mamash	ממש	מַמָּשׁ	adverb	2					really, actually					
mar	מר	מַר	adjective	2			מ-ר-ר		bitter				also: Mr. (courtesy title)	
marak	מרק	מָרָק	noun	2	ז	מרקים	מ-ר-ק		soup					
marpek	מרפק	מַרְפֵּק	noun	2	ז	מרפקים	ר-פ-ק		elbow					
masach	מסך	מָסָךְ	noun	2	ז	מסכים	מ-ס-ך		screen					
mashehu	משהו	מַשֶּׁהוּ	pronoun	2					something					
mashmaut	משמעות	מַשְׁמָעוּת	noun	2	נ	משמעויות	ש-מ-ע		meaning/significance					
maskana	מסקנה	מַסְקָנָה	noun	2	נ	מסקנות			conclusion					
maskoret	משכורת	מַשְׂכֹּרֶת	noun	2	נ	משכורות	ש-כ-ר		salary					
maspik	מספיק	מַסְפִּיק	adverb	2			ס-פ-ק		enough					
matai	מתי	מָתַי	adverb	1					when					
matana	מתנה	מַתָּנָה	noun	2	נ	מתנות	נ-ת-ן		gift, present					
matara	מטרה	מַטָּרָה	noun	2	נ	מטרות			goal, target, aim					
matayim	מאתיים	מָאתַיִם	numeral	2					two hundred					
matim	מתאים	מַתְאִים	adjective	2			ת-א-ם		suitable, appropriate					
matok	מתוק	מָתוֹק	adjective	2			מ-ת-ק		sweet					
matos	מטוס	מָטוֹס	noun	2	ז	מטוסים	ט-ו-ס		airplane					
matza	מצא	מָצָא	verb	2			מ-צ-א		to find					
matzav	מצב	מַצָּב	noun	2	ז	מצבים	נ-צ-ב		situation/condition					
matzchik	מצחיק	מַצְחִיק	adjective	2			צ-ח-ק		funny					
matzlema	מצלמה	מַצְלֵמָה	noun	2	נ	מצלמות	צ-ל-ם		camera					
mavet	מוות	מָוֶת	noun	2	ז		מ-ו-ת		death					
maximum	מקסימום	מַקְסִימוּם	noun	2	ז				maximum				loanword	
mayim	מים	מַיִם	noun	1	ז				water				grammatically plural, no singular	
mazal	מזל	מַזָּל	noun	2	ז				luck					
mazgan	מזגן	מַזְגָן	noun	2	ז	מזגנים	מ-ז-ג		air conditioner					
mazkira	מזכירה	מַזְכִּירָה	noun	2	נ	מזכירות	ז-כ-ר		secretary					
mazleg	מזלג	מַזְלֵג	noun	2	ז	מזלגות	ז-ל-ג		fork					
mazrek	מזרק	מַזְרֵק	noun	2	ז	מזרקים	ז-ר-ק		syringe					
me	מ	מִ	preposition	1					from				prefix 'from-'	
mea	מאה	מֵאָה	numeral	1					hundred					
meachorei	מאחורי	מֵאֲחוֹרֵי	preposition	2					behind					
meal	מעל	מֵעַל	preposition	1					above/over					
meanyen	מעניין	מְעַנְיֵן	adjective	2			ע-נ-י-ן		interesting					
meat	מעט	מְעַט	adverb	1					a little; few					
meavrer	מאוורר	מְאַוְרֵר	noun	2	ז	מאווררים	א-ו-ר-ר		fan; ventilator				also: mechanical ventilator (medical)	
mechir	מחיר	מְחִיר	noun	2	ז	מחירים	מ-ח-ר		price					
mechkar	מחקר	מֶחְקָר	noun	2	ז	מחקרים	ח-ק-ר		research/study					
mechoar	מכוער	מְכֹעָר	adjective	2			כ-ע-ר		ugly					
mechona	מכונה	מְכוֹנָה	noun	2	נ	מכונות	כ-ו-ן		machine					
mechonit	מכונית	מְכוֹנִית	noun	2	נ	מכוניות			car, automobile					
medida	מדידה	מְדִידָה	noun	2	נ	מדידות	מ-ד-ד		measurement					
medina	מדינה	מְדִינָה	noun	2	נ	מדינות	ד-י-ן		country/state					
megera	מגירה	מְגֵרָה	noun	2	נ	מגירות	ג-ר-ר		drawer					
mehirut	מהירות	מְהִירוּת	noun	2	נ		מ-ה-ר		speed, velocity					
mei	מעי	מְעִי	noun	2	ז	מעיים	מ-ע-ה		intestine/bowel					
meil	מעיל	מְעִיל	noun	2	ז	מעילים			coat					
meila	מילא	מֵילָא	interjection	2					never mind, oh well				colloquial discourse particle (Aramaic)	
melach	מלח	מֶלַח	noun	2	ז	מלחים	מ-ל-ח		salt				also: sailor (מַלָּח)	
melafefon	מלפפון	מְלָפְפוֹן	noun	2	ז	מלפפונים			cucumber				loanword (Greek)	
melanoma	מלנומה	מֶלָנוֹמָה	noun	3	נ				melanoma				loanword; skin cancer	medical_loanword
melave	מלווה	מְלַוֶּה	noun	2	ז	מלווים	ל-ו-ה		escort, companion				also: loan (מִלְוֶה)	
meluchlach	מלוכלך	מְלֻכְלָךְ	adjective	2			ל-כ-ל-ך		dirty					
menahel	מנהל	מְנַהֵל	noun	2	ז	מנהלים	נ-ה-ל		manager, director					
menucha	מנוחה	מְנוּחָה	noun	2	נ		נ-ו-ח		rest, repose					
meod	מאוד	מְאוֹד	adverb	1					very					
merkaz	מרכז	מֶרְכָּז	noun	2	ז	מרכזים	ר-כ-ז		center					
merts	מרץ	מֶרְץ	noun	2	ז				March				month name	
merutze	מרוצה	מְרֻצֶּה	adjective	2			ר-צ-ה		satisfied, pleased					
meshaamem	משעמם	מְשַׁעֲמֵם	adjective	2			ש-ע-מ-ם		boring					
meshakech	משכך	מְשַׁכֵּךְ	noun	2	ז	משככים	ש-כ-ך		painkiller (analgesic)				as in משכך כאבים	
meshulash	משולש	מְשֻׁלָּשׁ	noun	2	ז	משולשים	ש-ל-ש		triangle					
mesudar	מסודר	מְסֻדָּר	adjective	2			ס-ד-ר		organized/tidy					
mesugal	מסוגל	מְסֻגָּל	adjective	2			ס-ג-ל		capable/able					
mesukan	מסוכן	מְסֻכָּן	adjective	2			ס-כ-ן		dangerous					
mesuyam	מסוים	מְסֻיָּם	adjective	2			ס-י-ם		certain, specific					
met	מת	מֵת	verb	2			מ-ו-ת		to die				also adjective: dead	
metaboli	מטבולי	מֶטָבּוֹלִי	adjective	3				קשור בחילוף חומרים	metabolic				loanword	medical_loanword
metapel	מטפל	מְטַפֵּל	noun	2	ז	מטפלים	ט-פ-ל		caregiver, therapist					
metupal	מטופל	מְטֻפָּל	noun	2	ז	מטופלים	ט-פ-ל		patient (under treatment)				medical: patient	
metzuyan	מצוין	מְצֻיָּן	adjective	2			צ-י-ן		excellent					
meuchar	מאוחר	מְאֻחָר	adjective	2			א-ח-ר		late					
meule	מעולה	מְעֻלֶּה	adjective	2			ע-ל-ה		excellent					
mevugar	מבוגר	מְבֻגָּר	adjective	2			ב-ג-ר		adult, grown-up					
meyuchad	מיוחד	מְיֻחָד	adjective	2			י-ח-ד		special					
mi	מי	מִי	pronoun	1					who					
michlala	מכללה	מִכְלָלָה	noun	2	נ	מכללות	כ-ל-ל		college					
michnasayim	מכנסיים	מִכְנָסַיִם	noun	2	ז		כ-נ-ס		pants, trousers				dual form	
miday	מדי	מִדַּי	adverb	2					too (excessively)					
midei-paam	מדי-פעם	מִדֵּי-פַּעַם	adverb	2					occasionally					
midracha	מדרכה	מִדְרָכָה	noun	2	נ	מדרכות	ד-ר-ך		sidewalk					
migrash	מגרש	מִגְרָשׁ	noun	2	ז	מגרשים	ג-ר-ש		field, lot, court					
miklachat	מקלחת	מִקְלַחַת	noun	2	נ	מקלחות	ק-ל-ח		shower					
mikledet	מקלדת	מִקְלֶדֶת	noun	2	נ	מקלדות	ק-ל-ד		keyboard					
mikre	מקרה	מִקְרֶה	noun	2	ז	מקרים	ק-ר-ה		case, incident					
miktzoa	מקצוע	מִקְצוֹעַ	noun	2	ז	מקצועות	ק-צ-ע		profession, occupation					
mila	מילה	מִלָּה	noun	2	נ	מילים	מ-ל-ל		word				also: circumcision (מִילָה)	
milchama	מלחמה	מִלְחָמָה	noun	2	נ	מלחמות	ל-ח-ם		war					
min	מין	מִין	noun	2	ז	מינים			sex, gender				also: kind, type	
minimum	מינימום	מִינִימוּם	noun	2	ז				minimum				loanword	
minun	מינון	מִנּוּן	noun	2	ז	מינונים			dosage					
mirsham	מרשם	מִרְשָׁם	noun	2	ז	מרשמים	ר-ש-ם		prescription				medical	
misada	מסעדה	מִסְעָדָה	noun	2	נ	מסעדות	ס-ע-ד		restaurant					
mischak	משחק	מִשְׂחָק	noun	2	ז	משחקים	ש-ח-ק		game					
mishehu	מישהו	מִישֶׁהוּ	pronoun	2					someone					
mishkafayim	משקפיים	מִשְׁקָפַיִם	noun	2	ז		ש-ק-ף		eyeglasses				dual form	
mishkal	משקל	מִשְׁקָל	noun	2	ז		ש-ק-ל		weight					
mishmeret	משמרת	מִשְׁמֶרֶת	noun	2	נ	משמרות	ש-מ-ר		(work) shift					
mishpacha	משפחה	מִשְׁפָּחָה	noun	1	נ	משפחות	ש-פ-ח		family					
mishpat	משפט	מִשְׁפָּט	noun	2	ז	משפטים	ש-פ-ט		sentence; trial				also: trial, justice	
mishtara	משטרה	מִשְׁטָרָה	noun	2	נ		ש-ט-ר		police					
mispar	מספר	מִסְפָּר	noun	1	ז	מספרים	ס-פ-ר		number					
misparayim	מספריים	מִסְפָּרַיִם	noun	2	ז		ס-פ-ר		scissors				dual form	
misrad	משרד	מִשְׂרָד	noun	2	ז	משרדים	ש-ר-ד		office					
mita	מיטה	מִטָּה	noun	1	נ	מיטות			bed					
mitachat	מתחת	מִתַּחַת	preposition	1					below/under					
mitan	מטען	מִטְעָן	noun	2	ז	מטענים	ט-ע-ן		charger; load				phone charger or cargo/load	
mitbach	מטבח	מִטְבָּח	noun	2	ז	מטבחים	ט-ב-ח		kitchen					
mitnadev	מתנדב	מִתְנַדֵּב	noun	2	ז	מתנדבים	נ-ד-ב		volunteer					
mitriya	מטרייה	מִטְרִיָּה	noun	2	נ	מטריות	מ-ט-ר		umbrella					
mitz	מיץ	מִיץ	noun	1	ז	מיצים			juice					
mivchan	מבחן	מִבְחָן	noun	2	ז	מבחנים	ב-ח-ן		test, exam					
miyad	מייד	מִיָּד	adverb	2					immediately					
miyun	מיון	מִיּוּן	noun	2	ז		מ-י-ן		emergency room; sorting/triage				in hospitals: ER (חדר מיון)	
mizrach	מזרח	מִזְרָח	noun	2	ז		ז-ר-ח		east					
moach	מוח	מוֹחַ	noun	2	ז	מוחות	מ-ו-ח		brain					
mocher	מוכר	מוֹכֵר	noun	2	ז	מוכרים	מ-כ-ר		seller/salesperson				also adj מֻכָּר = familiar/known	
monit	מונית	מוֹנִית	noun	2	נ	מוניות	מ-נ-ה		taxi					
monitor	מוניטור	מוֹנִיטוֹר	noun	2	ז	מוניטורים		צג ניטור	monitor				loanword; vital-signs monitor	medical_loanword
more	מורה	מוֹרֶה	noun	2	ז	מורים	י-ר-ה		teacher					
muchan	מוכן	מוּכָן	adjective	2			כ-ו-ן		ready					
mukdam	מוקדם	מֻקְדָּם	adjective	2			ק-ד-ם		early					
mul	מול	מוּל	preposition	1					opposite, facing					
murkav	מורכב	מֻרְכָּב	adjective	2			ר-כ-ב		complex, complicated					
mushlam	מושלם	מֻשְׁלָם	adjective	2			ש-ל-ם		perfect					
mutar	מותר	מֻתָּר	adjective	2			נ-ת-ר		permitted/allowed					
muzar	מוזר	מוּזָר	adjective	2			ז-ו-ר		strange, weird					
muzika	מוזיקה	מוּזִיקָה	noun	2	נ				music				loanword	
naal	נעל	נַעַל	noun	1	נ	נעליים			shoe				also verb נָעַל = locked	
nach	נח	נָח	verb	2			נ-ו-ח		to rest					
nachal	נחל	נַחַל	noun	2	ז	נחלים			stream; brook; wadi					
nachash	נחש	נָחָשׁ	noun	2	ז	נחשים	נ-ח-ש		snake					
nachat	נחת	נָחַת	verb	2			נ-ח-ת		to land					
nachon	נכון	נָכוֹן	adjective	1			כ-ו-ן		correct/right					
nadir	נדיר	נָדִיר	adjective	2			נ-ד-ר		rare					
nafal	נפל	נָפַל	verb	1			נ-פ-ל		to fall					
naga	נגע	נָגַע	verb	2			נ-ג-ע		to touch					
nahar	נהר	נָהָר	noun	2	ז	נהרות			river					
naim	נעים	נָעִים	adjective	2			נ-ע-ם		pleasant					
naki	נקי	נָקִי	adjective	2			נ-ק-ה		clean					
namer	נמר	נָמֵר	noun	2	ז	נמרים	נ-מ-ר		tiger/leopard					
namuch	נמוך	נָמוּךְ	adjective	1			נ-מ-ך		low/short					
nasa	נסע	נָסַע	verb	1			נ-ס-ע		to travel/ride					
nasham	נשם	נָשַׁם	verb	2			נ-ש-ם		to breathe					
nasui	נשוי	נָשׂוּי	adjective	2			נ-שׂ-א		married				of a man; fem. נשואה	
natan	נתן	נָתַן	verb	1			נ-ת-ן		to give					
nazelet	נזלת	נַזֶּלֶת	noun	2	נ		נ-ז-ל		runny nose; rhinorrhea					
nealam	נעלם	נֶעֱלַם	verb	2			ע-ל-ם		to disappear; to vanish					
nechmad	נחמד	נֶחְמָד	adjective	2			ח-מ-ד		nice					
nefichut	נפיחות	נְפִיחוּת	noun	2	נ		נ-פ-ח		swelling					
nehag	נהג	נֶהָג	noun	2	ז	נהגים	נ-ה-ג		driver				also verb נָהַג = drove/behaved	
neka	נקע	נֶקַע	noun	2	ז	נקעים	נ-ק-ע		sprain					
nekeva	נקבה	נְקֵבָה	noun	2	נ	נקבות	נ-ק-ב		female				biological female	
nekuda	נקודה	נְקֻדָּה	noun	2	נ	נקודות	נ-ק-ד		point/dot					
nemala	נמלה	נְמָלָה	noun	2	נ	נמלים	נ-מ-ל		ant					
neshek	נשק	נֶשֶׁק	noun	2	ז		נ-שׁ-ק		weapon; arms				homograph: also נָשַׁק 'kissed'	
neshika	נשיקה	נְשִׁיקָה	noun	2	נ	נשיקות	נ-ש-ק		kiss					
neshima	נשימה	נְשִׁימָה	noun	1	נ	נשימות	נ-ש-מ		breathing					
neutrofilia	נויטרופיליה	נֵאוּטְרוֹפִילְיָה	noun	3	נ			ריבוי נויטרופילים	neutrophilia				loanword	medical_loanword
neyar	נייר	נְיָר	noun	2	ז	ניירות			paper					
nichnas	נכנס	נִכְנַס	verb	1			כ-נ-ס		to enter					
nifgash	נפגש	נִפְגַּשׁ	verb	2			פ-ג-ש		to meet					
niftza	נפצע	נִפְצַע	verb	2			פ-צ-ע		to be injured/wounded					
nika	ניקה	נִקָּה	verb	2			נ-ק-ה		to clean					
nikayon	ניקיון	נִקָּיוֹן	noun	2	ז		נ-ק-ה		cleanliness					
nira	נראה	נִרְאָה	verb	2			ר-א-ה		to seem; to appear; to be seen				present נִרְאֶה = 'seems, looks'	
nirga	נרגע	נִרְגַּע	verb	2			ר-ג-ע		to calm down					
nisa	ניסה	נִסָּה	verb	2			נ-ס-ה		to try					
nisayon	ניסיון	נִסָּיוֹן	noun	2	ז	ניסיונות	נ-ס-ה		experience; attempt					
nishbar	נשבר	נִשְׁבַּר	verb	2			ש-ב-ר		to break (get broken)					
nistagmus	ניסטגמוס	נִיסְטַגְמוּס	noun	3	ז			ריצוד עיניים	nystagmus				loanword	medical_loanword
nisui	ניסוי	נִסּוּי	noun	2	ז	ניסויים	נ-ס-ה		experiment; trial				clinical trial = ניסוי קליני	
nitek	ניתק	נִתֵּק	verb	2			נ-ת-ק		to disconnect; to cut off					
nituach	ניתוח	נִתּוּחַ	noun	2	ז	ניתוחים	נ-ת-ח		surgery/operation				also means analysis	
nivhal	נבהל	נִבְהַל	verb	2			ב-ה-ל		to be alarmed/frightened					
nizhar	נזהר	נִזְהַר	verb	2			ז-ה-ר		to be careful; to beware					
nokturia	נוקטוריה	נוֹקְטוּרְיָה	noun	3	נ			השתנה לילית	nocturia				loanword	medical_loanword
nora	נורא	נוֹרָא	adjective	2			י-ר-א		terrible/awful					
nose	נושא	נוֹשֵׂא	noun	2	ז	נושאים	נ-ש-א		subject/topic					
november	נובמבר	נוֹבֶמְבֶּר	noun	2	ז				November				loanword	
nozel	נוזל	נוֹזֵל	noun	2	ז	נוזלים	נ-ז-ל		liquid/fluid					
o	או	אוֹ	conjunction	1					or					
ochel	אוכל	אֹכֶל	noun	1	ז		א-כ-ל		food					
od	עוד	עוֹד	adverb	1					more; still; another					
of	עוף	עוֹף	noun	2	ז	עופות			chicken; poultry; fowl					
ofanayim	אופניים	אוֹפַנַּיִם	noun	2	ז				bicycle				grammatically dual	
ofnoa	אופנוע	אוֹפַנּוֹעַ	noun	2	ז	אופנועים			motorcycle					
ogust	אוגוסט	אוֹגוּסְט	noun	2	ז				August				loanword	
oktober	אוקטובר	אוֹקְטוֹבֶּר	noun	2	ז				October				loanword	
olam	עולם	עוֹלָם	noun	1	ז	עולמות	ע-ל-ם		world					
ona	עונה	עוֹנָה	noun	2	נ	עונות			season				homograph: also present-tense "answers" (f.)	
or	אור	אוֹר	noun	1	ז	אורות	א-ו-ר		light					
or-skin	עור	עוֹר	noun	1	ז		ע-ו-ר		skin					
orech-din	עורך-דין	עוֹרֵךְ-דִּין	noun	2	ז	עורכי-דין			lawyer / attorney					
orek	עורק	עוֹרֵק	noun	2	ז	עורקים	ע-ר-ק		artery					
orez	אורז	אֹרֶז	noun	2	ז				rice					
ortopnea	אורתופניאה	אוֹרְתּוֹפְּנֵאָה	noun	3	נ			קוצר נשימה בשכיבה	orthopnea				loanword; dyspnea when lying flat	medical_loanword
ot	אות	אוֹת	noun	2	נ	אותיות			letter (of the alphabet)				also (masc.) a sign/medal	
oto	אוטו	אוֹטוֹ	noun	1	ז				car				loanword, colloquial	
otobus	אוטובוס	אוֹטוֹבּוּס	noun	2	ז	אוטובוסים			bus				loanword	
oved	עובד	עוֹבֵד	noun	2	ז	עובדים	ע-ב-ד		worker; employee				also present tense 'works'; fem. עובדת	
ozen	אוזן	אֹזֶן	noun	1	נ	אוזניים			ear					
paam	פעם	פַּעַם	noun	1	נ	פעמים	פ-ע-ם		time / once					
pachad	פחד	פַּחַד	noun	2	ז	פחדים	פ-ח-ד		fear				also verb פָּחַד = feared	
pachot	פחות	פָּחוֹת	adverb	1					less / fewer					
paga	פגע	פָּגַע	verb	2			פ-ג-ע		to hit / to harm / to hurt					
pagash	פגש	פָּגַשׁ	verb	2			פ-ג-ש		to meet					
pail	פעיל	פָּעִיל	adjective	2			פ-ע-ל		active				also noun "activist"	
palpitatzyot	פלפיטציות	פַּלְפִּיטַצְיוֹת	noun	3	נ			דפיקות לב	palpitations				loanword	medical_loanword
panim	פנים	פָּנִים	noun	1	נ		פ-נ-ה		face				grammatically plural; treated as feminine	
panui	פנוי	פָּנוּי	adjective	2			פ-נ-ה		free / available / vacant					
parenchima	פרנכימה	פָּרֶנְכִימָה	noun	3	נ			חלק תפקודי של איבר	parenchyma				loanword; functional tissue of an organ	medical_loanword
park	פארק	פַּארְק	noun	2	ז	פארקים			park				loanword	
pashut	פשוט	פָּשׁוּט	adjective	2			פ-ש-ט		simple				also adverb "simply"	
pasta	פסטה	פַּסְטָה	noun	2	נ				pasta				loanword	
patach	פתח	פָּתַח	verb	1			פ-ת-ח		to open				noun פֶּתַח = opening	
patologia	פתולוגיה	פַּתוֹלוֹגְיָה	noun	3	נ				pathology				loanword	medical_loanword
pe	פה	פֶּה	noun	1	ז	פיות	פ-ה		mouth				homograph פֹּה = here	
peilut	פעילות	פְּעִילוּת	noun	2	נ	פעילויות	פ-ע-ל		activity					
perach	פרח	פֶּרַח	noun	2	ז	פרחים	פ-ר-ח		flower					
pericha	פריחה	פְּרִיחָה	noun	2	נ	פריחות	פ-ר-ח		rash				also "blossoming"	
periferi	פריפרי	פֶּרִיפֶרִי	adjective	2				היקפי	peripheral				loanword; Hebrew היקפי	medical_loanword
perikardiali	פריקרדיאלי	פֶּרִיקַרְדִּיאָלִי	adjective	3				של קרום הלב	pericardial				loanword; around the heart	medical_loanword
peristaltika	פריסטלטיקה	פֶּרִיסְטַלְטִיקָה	noun	3	נ			תנועתיות מעיים	peristalsis				loanword	medical_loanword
petza	פצע	פֶּצַע	noun	2	ז	פצעים	פ-צ-ע		wound					
petzia	פציעה	פְּצִיעָה	noun	2	נ	פציעות	פ-צ-ע		injury					
pgisha	פגישה	פְּגִישָׁה	noun	2	נ	פגישות	פ-ג-ש		meeting / appointment					
pilpel	פלפל	פִּלְפֵּל	noun	2	ז	פלפלים	פ-ל-פ-ל		pepper					
pitaron	פתרון	פִּתְרוֹן	noun	2	ז	פתרונות	פ-ת-ר		solution					
pitriya	פטרייה	פִּטְרִיָּה	noun	2	נ	פטריות			fungus / mushroom				clinical: fungal infection	
plaster	פלסטר	פְּלַסְטֶר	noun	2	ז	פלסטרים			band-aid / adhesive plaster				loanword	
plastik	פלסטיק	פְּלַסְטִיק	noun	2	ז				plastic				loanword	
pleurali	פלאורלי	פְּלֵאוּרָלִי	adjective	3				של קרום הריאה	pleural				loanword; of the lung lining	medical_loanword
pnaumonia	פנאומוניה	פְּנֵאוּמוֹנְיָה	noun	2	נ			דלקת ריאות	pneumonia				loanword; Hebrew דלקת ריאות	medical_loanword
po	פה	פֹּה	adverb	1					here				distinct from פֶּה (mouth)	
prat	פרט	פְּרָט	noun	2	ז	פרטים	פ-ר-ט		detail / item				פרטים אישיים = personal details	
prati	פרטי	פְּרָטִי	adjective	2			פ-ר-ט		private				e.g. רופא פרטי = private doctor	
prativut	פרטיות	פְּרָטִיּוּת	noun	2	נ		פ-ר-ט		privacy					
pri	פרי	פְּרִי	noun	1	ז	פירות	פ-ר-י		fruit					
prognoza	פרוגנוזה	פְּרוֹגְנוֹזָה	noun	3	נ			תחזית	prognosis				loanword	medical_loanword
proksimali	פרוקסימלי	פְּרוֹקְסִימָלִי	adjective	3				קרוב	proximal				loanword; closer to the center	medical_loanword
proteinuria	פרוטאינוריה	פְּרוֹטֵאִינוּרְיָה	noun	3	נ			חלבון בשתן	proteinuria				loanword	medical_loanword
protzedura	פרוצדורה	פְּרוֹצֵדוּרָה	noun	3	נ	פרוצדורות		הליך רפואי	procedure				loanword; clinical	medical_loanword
psanter	פסנתר	פְּסַנְתֵּר	noun	3	ז	פסנתרים			piano					
ra	רע	רַע	adjective	1			ר-ע-ע		bad					
raa	ראה	רָאָה	verb	1			ר-א-ה		to see					
raal	רעל	רַעַל	noun	2	ז		ר-ע-ל		poison					
raash	רעש	רַעַשׁ	noun	2	ז		ר-ע-ש		noise					
raayon	רעיון	רַעְיוֹן	noun	2	ז	רעיונות			idea					
rachav	רחב	רָחָב	adjective	2			ר-ח-ב		wide, broad					
rachok	רחוק	רָחוֹק	adjective	1			ר-ח-ק		far, distant					
raev	רעב	רָעֵב	adjective	1			ר-ע-ב		hungry				noun רָעָב = hunger, famine	
ragil	רגיל	רָגִיל	adjective	2			ר-ג-ל		usual, regular					
ragish	רגיש	רָגִישׁ	adjective	2			ר-ג-ש		sensitive					
rail	רעיל	רָעִיל	adjective	3			ר-ע-ל		toxic, poisonous					
rak	רק	רַק	adverb	1					only, just					
rakevet	רכבת	רַכֶּבֶת	noun	2	נ	רכבות	ר-כ-ב		train					
ramzor	רמזור	רַמְזוֹר	noun	2	ז	רמזורים			traffic light					
rashi	ראשי	רָאשִׁי	adjective	2			ר-א-ש		main, primary					
ratov	רטוב	רָטוֹב	adjective	2			ר-ט-ב		wet					
rats	רץ	רָץ	verb	2			ר-ו-ץ		to run				also = runner (noun)	
ratsa	רצה	רָצָה	verb	1			ר-צ-ה		to want					
razeh	רזה	רָזֶה	adjective	2			ר-ז-ה		thin, skinny					
rechev	רכב	רֶכֶב	noun	2	ז		ר-כ-ב		vehicle				verb רָכַב = rode	
rechov	רחוב	רְחוֹב	noun	2	ז	רחובות	ר-ח-ב		street					
refua	רפואה	רְפוּאָה	noun	2	נ		ר-פ-א		medicine					
rega	רגע	רֶגַע	noun	1	ז	רגעים	ר-ג-ע		moment					
regel	רגל	רֶגֶל	noun	1	נ	רגליים	ר-ג-ל		leg, foot					
regishut	רגישות	רְגִישׁוּת	noun	2	נ		ר-ג-ש		sensitivity					
reiach	ריח	רֵיחַ	noun	2	ז	ריחות	ר-י-ח		smell, odor					
reik	ריק	רֵיק	adjective	2			ר-י-ק		empty					
reshima	רשימה	רְשִׁימָה	noun	2	נ	רשימות	ר-ש-ם		list					
respiratori	רספירטורי	רֶסְפִּירָטוֹרִי	adjective	3				נשימתי	respiratory				loanword; Hebrew נשימתי	medical_loanword
retraktzyot	רטרקציות	רֶטְרַקְצְיוֹת	noun	3	נ			משיכת שרירי נשימה	retractions				loanword; use of accessory breathing muscles	medical_loanword
retsini	רציני	רְצִינִי	adjective	2			ר-צ-נ		serious					
reva	רבע	רֶבַע	noun	2	ז	רבעים	ר-ב-ע		quarter					
revii	רביעי	רְבִיעִי	adjective	1			ר-ב-ע		fourth					
ribua	ריבוע	רִבּוּעַ	noun	2	ז	ריבועים	ר-ב-ע		square					
rikuz	ריכוז	רִכּוּז	noun	2	ז	ריכוזים	ר-כ-ז		concentration					
rishon	ראשון	רִאשׁוֹן	adjective	1			ר-א-ש		first					
ritspa	רצפה	רִצְפָּה	noun	2	נ	רצפות	ר-צ-ף		floor					
rofe	רופא	רוֹפֵא	noun	1	ז	רופאים	ר-פ-א		doctor, physician					
rosh	ראש	רֹאשׁ	noun	1	ז	ראשים	ר-א-ש		head					
rov	רוב	רֹב	noun	2	ז		ר-ב-ב		majority, most					
rove	רובה	רוֹבֶה	noun	2	ז	רובים			rifle					
ruach	רוח	רוּחַ	noun	2	נ	רוחות	ר-ו-ח		wind; spirit					
saba	סבא	סַבָּא	noun	1	ז	סבים			grandfather					
sababa	סבבה	סַבַּבָּה	interjection	2					cool; great; OK				slang, Arabic loan	
sach-hakol	סך-הכל	סַךְ-הַכֹּל	noun	2	ז				total; sum total; all in all					
sacha	שחה	שָׂחָה	verb	2			ש-ח-ה		to swim					
sadin	סדין	סָדִין	noun	2	ז	סדינים			(bed)sheet					
sagar	סגר	סָגַר	verb	1			ס-ג-ר		to close; to shut				also noun סֶגֶר 'lockdown/closure'	
sagol	סגול	סָגֹל	adjective	2					purple; violet					
sakana	סכנה	סַכָּנָה	noun	2	נ	סכנות	ס-כ-ן		danger					
sakin	סכין	סַכִּין	noun	2	נ	סכינים			knife				gender m/f (used both)	
sakit	שקית	שַׂקִּית	noun	2	נ	שקיות			bag, small bag					
salat	סלט	סָלָט	noun	2	ז	סלטים			salad				loanword	
sam	שם	שָׂם	verb	1			ש-י-ם		to put, to place				homograph: also "there" and "name"	
sameach	שמח	שָׂמֵחַ	adjective	1			ש-מ-ח		happy, glad				verb שָׂמַח = rejoiced	
sandal	סנדל	סַנְדָּל	noun	2	ז	סנדלים			sandal					
sane	שנא	שָׂנֵא	verb	2			ש-נ-א		to hate					
sapa	ספה	סַפָּה	noun	2	נ	ספות			sofa; couch					
sarak	סרק	סָרַק	verb	2			ס-ר-ק		to scan; to comb				imaging scan	
sartan	סרטן	סַרְטָן	noun	2	ז	סרטנים			cancer; crab				also 'crab'	
saturatzya	סטורציה	סָטוּרַצְיָה	noun	2	נ			רוויון חמצן	oxygen saturation				loanword; often just "סטורציה"	medical_loanword
saval	סבל	סָבַל	verb	2			ס-ב-ל		to suffer; to endure				homograph: also סַבָּל 'porter'	
savlanut	סבלנות	סַבְלָנוּת	noun	2	נ		ס-ב-ל		patience					
savta	סבתא	סָבְתָא	noun	1	נ	סבתות			grandmother					
scharchoret	סחרחורת	סְחַרְחֹרֶת	noun	2	נ		ס-ח-ר		dizziness; vertigo				symptom	
sear	שיער	שֵׂעָר	noun	2	ז	שערות	ש-ע-ר		hair					
seder	סדר	סֵדֶר	noun	2	ז	סדרים	ס-ד-ר		order; arrangement					
sefer	ספר	סֵפֶר	noun	1	ז	ספרים	ס-פ-ר		book				homograph: also סַפָּר 'barber'	
seker	סקר	סֶקֶר	noun	2	ז	סקרים	ס-ק-ר		survey; poll					
sepsis	ספסיס	סֶפְּסִיס	noun	3	ז			אלח דם	sepsis				loanword (Latin); formal Hebrew אלח דם is rarely spoken	medical_loanword
september	ספטמבר	סֶפְּטֶמְבֶּר	noun	2	ז				September				loanword	
seret	סרט	סֶרֶט	noun	2	ז	סרטים			film; movie; ribbon; tape					
serologia	סרולוגיה	סֶרוֹלוֹגְיָה	noun	3	נ				serology				loanword; antibody blood tests	medical_loanword
shaa	שעה	שָׁעָה	noun	1	נ	שעות	ש-ע-ה		hour					
shaal	שאל	שָׁאַל	verb	1			ש-א-ל		to ask					
shabat	שבת	שַׁבָּת	noun	1	נ	שבתות	ש-ב-ת		Sabbath, Saturday					
shachach	שכח	שָׁכַח	verb	2			ש-כ-ח		to forget					
shachav	שכב	שָׁכַב	verb	2			ש-כ-ב		to lie down					
shachen	שכן	שָׁכֵן	noun	2	ז	שכנים	ש-כ-ן		neighbor					
shachor	שחור	שָׁחוֹר	adjective	1			ש-ח-ר		black					
shakal	שקל	שָׁקַל	verb	2			ש-ק-ל		to weigh; to consider				homograph: noun שֶׁקֶל = shekel	
shalach	שלח	שָׁלַח	verb	2			ש-ל-ח		to send					
shalav	שלב	שָׁלָב	noun	2	ז	שלבים	ש-ל-ב		stage, phase					
shalom	שלום	שָׁלוֹם	noun	1	ז		ש-ל-ם		hello; peace				also greeting: hello/goodbye	
shalosh	שלוש	שָׁלוֹשׁ	numeral	1					three					
shalpuchit	שלפוחית	שַׁלְפּוּחִית	noun	3	נ	שלפוחיות			bladder; blister					
sham	שם	שָׁם	adverb	1					there				homograph: also "name" (noun) and "put" (verb)	
shama	שמע	שָׁמַע	verb	1			ש-מ-ע		to hear					
shamar	שמר	שָׁמַר	verb	2			ש-מ-ר		to guard, keep, preserve					
shamayim	שמיים	שָׁמַיִם	noun	2	ז				sky, heaven					
shana	שנה	שָׁנָה	noun	1	נ	שנים	ש-נ-ה		year					
shaon	שעון	שָׁעוֹן	noun	2	ז	שעונים			clock, watch					
shapir	שפיר	שָׁפִיר	adjective	3					benign				clinical (opp. ממאיר = malignant)	
shata	שתה	שָׁתָה	verb	1			ש-ת-ה		to drink					
shataf	שטף	שָׁטַף	verb	2			ש-ט-ף		to rinse, wash, flush				also noun שֶׁטֶף = flow; שטף דם = hemorrhage	
shatiach	שטיח	שָׁטִיחַ	noun	2	ז	שטיחים	ש-ט-ח		carpet, rug					
shatuach	שטוח	שָׁטוּחַ	adjective	2			ש-ט-ח		flat					
shavar	שבר	שָׁבַר	verb	2			ש-ב-ר		to break				homograph: noun שֶׁבֶר = fracture	
shave	שווה	שָׁוֶה	adjective	2			ש-ו-ה		equal; worth					
shavua	שבוע	שָׁבוּעַ	noun	1	ז	שבועות	ש-ב-ע		week					
shavur	שבור	שָׁבוּר	adjective	2			ש-ב-ר		broken					
shchuna	שכונה	שְׁכוּנָה	noun	2	נ	שכונות	ש-כ-ן		neighborhood					
sheela	שאלה	שְׁאֵלָה	noun	1	נ	שאלות	ש-א-ל		question					
sheker	שקר	שֶׁקֶר	noun	2	ז	שקרים	ש-ק-ר		lie, falsehood					
sheket	שקט	שֶׁקֶט	noun	2	ז		ש-ק-ט		quiet, silence					
shel	של	שֶׁל	preposition	1					of					
sheleg	שלג	שֶׁלֶג	noun	2	ז		ש-ל-ג		snow					
shelet	שלט	שֶׁלֶט	noun	2	ז	שלטים	ש-ל-ט		sign; remote control				also verb שָׁלַט = controlled	
shem	שם	שֵׁם	noun	1	ז	שמות			name				homograph: also "there" and "put"	
shemen	שמן	שֶׁמֶן	noun	2	ז	שמנים	ש-מ-ן		oil				also adjective שָׁמֵן = fat	
shemesh	שמש	שֶׁמֶשׁ	noun	2	נ		ש-מ-ש		sun				gender variable; usually feminine	
shen	שן	שֵׁן	noun	2	נ	שיניים	ש-נ-ן		tooth					
shena	שינה	שֵׁנָה	noun	2	נ		י-ש-ן		sleep				homograph: also verb שִׁנָּה = changed	
sheni	שני	שֵׁנִי	adjective	1			ש-נ-י		second					
sherutim	שירותים	שֵׁרוּתִים	noun	2	ז		ש-ר-ת		toilet, restroom				plural form; lit. "services"	
shesh	שש	שֵׁשׁ	numeral	1					six					
shesh-esre	שש-עשרה	שֵׁשׁ-עֶשְׂרֵה	numeral	1					sixteen					
sheten	שתן	שֶׁתֶן	noun	2	ז		ש-ת-ן		urine					
sheva	שבע	שֶׁבַע	numeral	1					seven					
sheva-esre	שבע-עשרה	שְׁבַע-עֶשְׂרֵה	numeral	1					seventeen					
shever	שבר	שֶׁבֶר	noun	2	ז	שברים	ש-ב-ר		fracture, break					
shichrur	שחרור	שִׁחְרוּר	noun	2	ז	שחרורים	ש-ח-ר-ר		release, discharge				medical: hospital discharge	
shilem	שילם	שִׁלֵּם	verb	2			ש-ל-ם		to pay					
shilshom	שלשום	שִׁלְשׁוֹם	adverb	2					the day before yesterday					
shilshul	שלשול	שִׁלְשׁוּל	noun	2	ז	שלשולים	ש-ל-ש-ל		diarrhea					
shina	שינה	שִׁנָּה	verb	2			ש-נ-ה		to change				homograph: also noun שֵׁנָה = sleep	
shipur	שיפור	שִׁפּוּר	noun	2	ז	שיפורים	ש-פ-ר		improvement					
shir	שיר	שִׁיר	noun	2	ז	שירים	ש-י-ר		song, poem					
shishi	שישי	שִׁשִּׁי	adjective	1			ש-ש-ה		sixth					
shishim	שישים	שִׁשִּׁים	numeral	1					sixty					
shiur	שיעור	שִׁעוּר	noun	2	ז	שיעורים	ש-ע-ר		lesson; rate					
shivim	שבעים	שִׁבְעִים	numeral	1					seventy					
shkia	שקיעה	שְׁקִיעָה	noun	2	נ	שקיעות	ש-ק-ע		sunset; sedimentation				medical: שקיעת דם = ESR	
shlishi	שלישי	שְׁלִישִׁי	adjective	1			ש-ל-ש		third					
shloshim	שלושים	שְׁלוֹשִׁים	numeral	1					thirty					
shmone	שמונה	שְׁמוֹנֶה	numeral	1					eight					
shmone-esre	שמונה-עשרה	שְׁמוֹנֶה-עֶשְׂרֵה	numeral	1					eighteen					
shmonim	שמונים	שְׁמוֹנִים	numeral	1					eighty					
shniya	שנייה	שְׁנִיָּה	noun	2	נ	שניות	ש-נ-ה		second (time)					
shokolad	שוקולד	שׁוֹקוֹלָד	noun	2	ז				chocolate				loanword	
shone	שונה	שׁוֹנֶה	adjective	2			ש-נ-ה		different					
shoter	שוטר	שׁוֹטֵר	noun	2	ז	שוטרים	ש-ט-ר		police officer					
shrir	שריר	שְׁרִיר	noun	2	ז	שרירים	ש-ר-ר		muscle					
shtiya	שתייה	שְׁתִיָּה	noun	2	נ		ש-ת-ה		drinking; beverage					
shulchan	שולחן	שֻׁלְחָן	noun	1	ז	שולחנות			table					
shum-davar	שום-דבר	שׁוּם-דָּבָר	phrase	1					nothing					
shuv	שוב	שׁוּב	adverb	1					again					
siba	סיבה	סִבָּה	noun	2	נ	סיבות	ס-ב-ב		reason; cause				clinical: cause/etiology	
sicha	שיחה	שִׂיחָה	noun	2	נ	שיחות	ש-י-ח		conversation, call					
sider	סידר	סִדֵּר	verb	2			ס-ד-ר		to arrange; to organize					
sidra	סדרה	סִדְרָה	noun	2	נ	סדרות	ס-ד-ר		series					
sifriya	ספרייה	סִפְרִיָּה	noun	2	נ	ספריות	ס-פ-ר		library					
sikui	סיכוי	סִכּוּי	noun	2	ז	סיכויים			chance; prospect; likelihood				clinical: prognosis/odds	
sikun	סיכון	סִכּוּן	noun	2	ז	סיכונים	ס-כ-ן		risk				clinical: risk factors	
simla	שמלה	שִׂמְלָה	noun	2	נ	שמלות	ש-מ-ל		dress					
simptom	סימפטום	סִימְפְּטוֹם	noun	2	ז	סימפטומים		תסמין	symptom				loanword; Hebrew תסמין	medical_loanword
sindrom	סינדרום	סִינְדְּרוֹם	noun	2	ז	סינדרומים		תסמונת	syndrome				loanword; Hebrew תסמונת	medical_loanword
sinkope	סינקופה	סִינְקוֹפֵּה	noun	3	נ			התעלפות	syncope				loanword; Hebrew התעלפות	medical_loanword
siper	סיפר	סִפֵּר	verb	2			ס-פ-ר		to tell; to narrate					
sipur	סיפור	סִפּוּר	noun	2	ז	סיפורים	ס-פ-ר		story					
sir	סיר	סִיר	noun	2	ז	סירים			pot; saucepan					
sisma	סיסמה	סִיסְמָה	noun	2	נ	סיסמאות			password; slogan					
sistoli	סיסטולי	סִיסְטוֹלִי	adjective	3					systolic				loanword; heart-contraction phase	medical_loanword
siud	סיעוד	סִעוּד	noun	2	ז		ס-ע-ד		nursing				profession/care	
sivuv	סיבוב	סִבּוּב	noun	2	ז	סיבובים	ס-ב-ב		turn; rotation; round					
siyem	סיים	סִיֵּם	verb	2			ס-י-ם		to finish; to complete					
slicha	סליחה	סְלִיחָה	noun	1	נ	סליחות	ס-ל-ח		forgiveness; (interj.) sorry/excuse me					
smol	שמאל	שְׂמֹאל	noun	1	ז				left (side)				שמאלה = to the left	
sof	סוף	סוֹף	noun	1	ז				end					
sofer	סופר	סוֹפֵר	noun	2	ז	סופרים	ס-פ-ר		author; writer				also colloquial 'supermarket' (סוּפֶּר)	
spetsifi	ספציפי	סְפֶּצִיפִי	adjective	3					specific				loanword	
sport	ספורט	סְפּוֹרְט	noun	2	ז				sport(s)				loanword	
srika	סריקה	סְרִיקָה	noun	2	נ	סריקות	ס-ר-ק		scan; scanning				imaging: CT/MRI	
stam	סתם	סְתָם	adverb	2					just; merely; for no reason					
stav	סתיו	סְתָיו	noun	2	ז				autumn; fall					
stent	סטנט	סְטֶנְט	noun	3	ז	סטנטים		תומכן	stent				loanword	medical_loanword
sterili	סטרילי	סְטֶרִילִי	adjective	2				מחוטא	sterile				loanword; Hebrew עקר/מחוטא	medical_loanword
student	סטודנט	סְטוּדֶנְט	noun	2	ז	סטודנטים			student (university)				loanword; fem. סטודנטית	
sug	סוג	סוּג	noun	2	ז	סוגים			type; kind; sort					
sukar	סוכר	סֻכָּר	noun	2	ז				sugar				clinical: blood sugar	
sulam	סולם	סֻלָּם	noun	2	ז	סולמות			ladder; scale				e.g. pain scale = סולם כאב	
sus	סוס	סוּס	noun	1	ז	סוסים			horse					
taam	טעם	טַעַם	noun	2	ז	טעמים	ט-ע-מ		taste, flavor					
tachana	תחנה	תַּחֲנָה	noun	2	נ	תחנות	ח-נ-ה		station					
tachikardia	טכיקרדיה	טַכִיקַרְדְּיָה	noun	3	נ			דופק מהיר	tachycardia				loanword; fast heart rate	medical_loanword
tachipnea	טכיפניאה	טַכִיפְּנֵאָה	noun	3	נ			נשימה מהירה	tachypnea				loanword	medical_loanword
tafus	תפוס	תָּפוּס	adjective	2			ת-פ-ס		occupied, taken					
tahalich	תהליך	תַּהֲלִיךְ	noun	2	ז	תהליכים	ה-ל-ך		process					
taim	טעים	טָעִים	adjective	2			ט-ע-מ		tasty, delicious					
takala	תקלה	תַּקָּלָה	noun	2	נ	תקלות	ת-ק-ל		malfunction, fault					
takin	תקין	תָּקִין	adjective	2			ת-ק-ן		normal, proper, in order					
talmid	תלמיד	תַּלְמִיד	noun	2	ז	תלמידים	ל-מ-ד		student, pupil					
talui	תלוי	תָּלוּי	adjective	2			ת-ל-ה		dependent; it depends					
tamar	תמר	תָּמָר	noun	2	ז	תמרים			date (fruit)					
tamid	תמיד	תָּמִיד	adverb	1					always					
tapuach	תפוח	תַּפּוּחַ	noun	1	ז	תפוחים			apple					
tapuach-adama	תפוח-אדמה	תַּפּוּחַ-אֲדָמָה	noun	1	ז	תפוחי-אדמה			potato					
tapuz	תפוז	תַּפּוּז	noun	2	ז	תפוזים			orange (fruit)					
tas	טס	טָס	verb	2			ט-ו-ס		to fly (by plane)					
taut	טעות	טָעוּת	noun	2	נ	טעויות	ט-ע-ה		mistake, error					
tchelet	תכלת	תְּכֵלֶת	noun	2	נ				light blue, azure					
tchol	טחול	טְחוֹל	noun	2	ז				spleen					
te	תה	תֵּה	noun	1	ז				tea				loanword	
telefon	טלפון	טֶלֶפוֹן	noun	1	ז	טלפונים			telephone, phone				loanword	
televizya	טלוויזיה	טֶלֶוִיזְיָה	noun	2	נ	טלוויזיות			television				loanword	
temuta	תמותה	תְּמוּתָה	noun	3	נ		מ-ו-ת		mortality					
tesha	תשע	תֵּשַׁע	numeral	1					nine					
tesha-esre	תשע-עשרה	תְּשַׁע-עֶשְׂרֵה	numeral	1					nineteen					
teuna	תאונה	תְּאוּנָה	noun	2	נ	תאונות			accident					
teva	טבע	טֶבַע	noun	2	ז		ט-ב-ע		nature				also verb: to drown/sink	
tguva	תגובה	תְּגוּבָה	noun	2	נ	תגובות			reaction, response				medical: תגובה אלרגית = allergic reaction	
tik	תיק	תִּיק	noun	2	ז	תיקים			bag; file				medical: תיק רפואי = medical file	
tiken	תיקן	תִּקֵּן	verb	2			ת-ק-ן		to fix, repair, correct				homograph: also noun תִּיקָן (cockroach); verb sense taken (piel, 3ms past)	
tikra	תקרה	תִּקְרָה	noun	2	נ	תקרות			ceiling					
tikva	תקווה	תִּקְוָה	noun	2	נ	תקוות	ק-ו-ה		hope					
tinok	תינוק	תִּינוֹק	noun	2	ז	תינוקות			baby, infant					
tipel	טיפל	טִפֵּל	verb	2			ט-פ-ל		to treat, to take care of					
tipes	טיפס	טִפֵּס	verb	2			ט-פ-ס		to climb					
tipesh	טיפש	טִפֵּשׁ	adjective	2			ט-פ-שׁ		stupid; fool					
tipul	טיפול	טִפּוּל	noun	2	ז	טיפולים	ט-פ-ל		treatment, care					
tishim	תשעים	תִּשְׁעִים	numeral	1					ninety					
tismin	תסמין	תַּסְמִין	noun	2	ז	תסמינים	ס-מ-ן		symptom					
tivi	טבעי	טִבְעִי	adjective	2			ט-ב-ע		natural					
tiyul	טיול	טִיּוּל	noun	2	ז	טיולים	ט-י-ל		trip, hike, excursion					
tluna	תלונה	תְּלוּנָה	noun	1	נ	תלונות	ל-ו-נ	מה מפריע לך	complaint				the presenting complaint	
tmuna	תמונה	תְּמוּנָה	noun	2	נ	תמונות			picture, image					
tnua	תנועה	תְּנוּעָה	noun	2	נ	תנועות	נ-ו-ע		movement; traffic					
tochnit	תכנית	תָּכְנִית	noun	2	נ	תכניות	ת-כ-ן		plan, program					
toda	תודה	תּוֹדָה	noun	1	נ	תודות	י-ד-ה		thank you; thanks					
tofes	טופס	טוֹפֶס	noun	2	ז	טפסים			form (document)					
tor	תור	תּוֹר	noun	2	ז	תורים			queue; appointment; turn				medical: appointment	
totzaa	תוצאה	תּוֹצָאָה	noun	2	נ	תוצאות	י-צ-א		result, outcome					
tov	טוב	טוֹב	adjective	1			ט-ו-ב		good					
tremor	טרמור	טְרֶמוֹר	noun	2	ז			רעד	tremor				loanword; Hebrew רעד	medical_loanword
triger	טריגר	טְרִיגֶר	noun	2	ז	טריגרים		גורם מעורר	trigger				loanword	medical_loanword
troponin	טרופונין	טְרוֹפּוֹנִין	noun	3	ז				troponin				loanword; cardiac marker	medical_loanword
trufa	תרופה	תְּרוּפָה	noun	1	נ	תרופות	ר-פ-א		medication					
tselulitis	צלוליטיס	צֶלוּלִיטִיס	noun	2	ז			דלקת רקמת עור	cellulitis				loanword	medical_loanword
tshuva	תשובה	תְּשׁוּבָה	noun	2	נ	תשובות	ש-ו-ב		answer, response					
tsianozis	ציאנוזיס	צִיאָנוֹזִיס	noun	3	ז			כחלון	cyanosis				loanword; bluish discoloration	medical_loanword
tzaad	צעד	צַעַד	noun	2	ז	צעדים	צ-ע-ד		step				also verb "to step / march"	
tzaak	צעק	צָעַק	verb	2			צ-ע-ק		to shout / to scream					
tzachak	צחק	צָחַק	verb	2			צ-ח-ק		to laugh					
tzadak	צדק	צָדַק	verb	2			צ-ד-ק		to be right / to be correct				noun צֶדֶק = justice	
tzafon	צפון	צָפוֹן	noun	2	ז		צ-פ-ן		north					
tzahov	צהוב	צָהוֹב	adjective	2			צ-ה-ב		yellow					
tzair	צעיר	צָעִיר	adjective	2			צ-ע-ר		young				also noun "young person"	
tzalachat	צלחת	צַלַּחַת	noun	2	נ	צלחות	צ-ל-ח		plate / dish					
tzame	צמא	צָמֵא	adjective	2			צ-מ-א		thirsty				also noun צָמָא = thirst	
tzar	צר	צַר	adjective	2			צ-ר-ר		narrow					
tzarich	צריך	צָרִיךְ	adjective	1			צ-ר-ך		need to / must				modal; inflects צריכה/צריכים	
tzava	צבא	צָבָא	noun	2	ז	צבאות	צ-ב-א		army / military					
tzavar	צוואר	צַוָּאר	noun	2	ז	צווארים	צ-ו-ר		neck					
tzeva	צבע	צֶבַע	noun	1	ז	צבעים	צ-ב-ע		color				also verb צָבַע = painted	
tzevet	צוות	צֶוֶת	noun	2	ז	צוותים			team / staff				clinical: הצוות הרפואי = medical staff	
tzilum	צילום	צִילּוּם	noun	2	ז	צילומים	צ-ל-ם		photograph / imaging scan				clinical: צילום רנטגן = X-ray	
tzinor	צינור	צִינּוֹר	noun	2	ז	צינורות	צ-נ-ר		tube / pipe / catheter					
tzipor	ציפור	צִיפּוֹר	noun	2	נ	ציפורים	צ-פ-ר		bird					
tziporen	ציפורן	צִיפּוֹרֶן	noun	2	נ	ציפורניים	צ-פ-ר-ן		fingernail / nail				also "clove" (spice)	
tziyur	ציור	צִיּוּר	noun	2	ז	ציורים	צ-י-ר		drawing / painting					
tzoa	צואה	צוֹאָה	noun	2	נ				feces / stool				clinical	
tzohorayim	צהריים	צָהֳרַיִם	noun	1	ז		צ-ה-ר		noon / midday				dual form	
tzomet	צומת	צוֹמֶת	noun	2	ז	צמתים	צ-מ-ת		junction / intersection					
tzorech	צורך	צוֹרֶךְ	noun	2	ז	צרכים	צ-ר-ך		need				distinct from צריך	
tzura	צורה	צוּרָה	noun	2	נ	צורות	צ-ו-ר		shape / form					
ulai	אולי	אוּלַי	adverb	1					maybe, perhaps					
universita	אוניברסיטה	אוּנִיבֶרְסִיטָה	noun	2	נ	אוניברסיטאות			university				loanword	
urinari	אורינרי	אוּרִינָרִי	adjective	3				שתני	urinary				loanword; Hebrew שתני	medical_loanword
varid	וריד	וָרִיד	noun	2	ז	ורידים	ו-ר-ד		vein					
varod	ורוד	וָרֹד	adjective	2			ו-ר-ד		pink					
vazovagali	ואזווגאלי	וָאזוֹוָגָאלִי	adjective	3					vasovagal				loanword; reflex-fainting mechanism	medical_loanword
ve	ו	וְ	conjunction	1					and					
vegetatzyot	וגטציות	וֶגֶטַצְיוֹת	noun	3	נ				vegetations				loanword; on heart valves in endocarditis	medical_loanword
vertigo	ורטיגו	וֶרְטִיגוֹ	noun	2	ז			סחרחורת	vertigo				loanword; Hebrew סחרחורת	medical_loanword
virali	ויראלי	וִירָאלִי	adjective	2				נגיפי	viral				loanword; Hebrew נגיפי	medical_loanword
virus	וירוס	וִירוּס	noun	2	ז	וירוסים			virus				loanword	medical_loanword
yaar	יער	יַעַר	noun	2	ז	יערות			forest					
yachasit	יחסית	יַחֲסִית	adverb	2			י-ח-ס		relatively					
yachid	יחיד	יָחִיד	adjective	2			י-ח-ד		single, sole, individual					
yachol	יכל	יָכוֹל	verb	1			י-כ-ל		to be able, can					
yad	יד	יָד	noun	1	נ	ידיים			hand; arm					
yada	ידע	יָדַע	verb	2			י-ד-ע		to know				also noun: knowledge (יֶדַע)	
yadit	ידית	יָדִית	noun	2	נ	ידיות			handle, knob					
yafe	יפה	יָפֶה	adjective	1			י-פ-ה		beautiful, nice					
yakar	יקר	יָקָר	adjective	2			י-ק-ר		expensive; dear					
yalda	ילדה	יַלְדָּה	noun	1	נ	ילדות	י-ל-ד		girl					
yalda-verb	ילדה	יָלְדָה	verb	2			י-ל-ד		to give birth				cited in 3fs (past) as input	
yalla	יאללה	יַאלְלָה	interjection	2					come on!, let's go!				colloquial, from Arabic	
yam	ים	יָם	noun	2	ז	ימים			sea					
yamin	ימין	יָמִין	noun	2	ז		י-מ-ן		right (side)				ימינה = to the right	
yarak	ירק	יָרָק	noun	2	ז	ירקות	י-ר-ק		vegetable				also verb: to spit	
yareach	ירח	יָרֵחַ	noun	2	ז		י-ר-ח		moon					
yarok	ירוק	יָרוֹק	adjective	2			י-ר-ק		green					
yashan	ישן	יָשָׁן	adjective	2			י-שׁ-ן		old (of objects)				of things, not people	
yashar	ישר	יָשָׁר	adjective	2			י-שׁ-ר		straight; honest					
yashav	ישב	יָשַׁב	verb	2			י-שׁ-ב		to sit					
yatza	יצא	יָצָא	verb	2			י-צ-א		to go out, to exit					
yavesh	יבש	יָבֵשׁ	adjective	2			י-ב-שׁ		dry				also verb: to dry	
yeled	ילד	יֶלֶד	noun	1	ז	ילדים	י-ל-ד		boy, child					
yeri	ירי	יֶרִי	noun	2	ז		י-ר-ה		shooting, gunfire					
yeriya	ירייה	יְרִיָּה	noun	2	נ	יריות	י-ר-ה		a shot, gunshot					
yesh	יש	יֵשׁ	particle	1					there is, there are				existential	
yetzia	יציאה	יְצִיאָה	noun	2	נ	יציאות	י-צ-א		exit; (medical) bowel movement				medically also = bowel movement/stool	
yom	יום	יוֹם	noun	1	ז	ימים			day					
yomi	יומי	יוֹמִי	adjective	2			י-ו-ם		daily					
yomyomi	יומיומי	יוֹמְיוֹמִי	adjective	2			י-ו-ם		everyday, daily					
yoter	יותר	יוֹתֵר	adverb	1					more					
yuli	יולי	יוּלִי	noun	2	ז				July				month (loanword)	
yuni	יוני	יוּנִי	noun	2	ז				June				month (loanword)	
zachar-noun	זכר	זָכָר	noun	2	ז	זכרים	ז-כ-ר		male				homograph: also verb “remembered”	
zachar-verb	זכר	זָכַר	verb	2			ז-כ-ר		to remember				homograph: also noun “male”	
zarak	זרק	זָרַק	verb	2			ז-ר-ק		to throw					
zaz	זז	זָז	verb	2			ז-ו-ז		to move					
zchut	זכות	זְכוּת	noun	2	נ	זכויות	ז-כ-ה		right / privilege					
ze	זה	זֶה	pronoun	1					this					
zerem	זרם	זֶרֶם	noun	2	ז	זרמים	ז-ר-מ		flow / current					
zeret	זרת	זֶרֶת	noun	3	נ	זרתות			little finger / pinky					
zihum	זיהום	זִיהוּם	noun	2	ז	זיהומים	ז-ה-מ		infection					
zman	זמן	זְמַן	noun	1	ז	זמנים	ז-מ-נ		time					
zol	זול	זוֹל	adjective	2			ז-ו-ל		cheap					
zot	זאת	זֹאת	pronoun	1					this (f.)					
zricha	זריחה	זְרִיחָה	noun	2	נ	זריחות	ז-ר-ח		sunrise					
zrika	זריקה	זְרִיקָה	noun	2	נ	זריקות	ז-ר-ק		injection / shot				also means “throw”	
zug	זוג	זוּג	noun	2	ז	זוגות	ז-ו-ג		pair / couple					
